Timestamp,Action,Case #,Auction Date,Property Address,Final Judgment,Assessed Value,Plaintiff Max Bid,Parcel ID
2026-04-17T17:25:13,NEW,412023CA005871CAAXMA,04/22/2026 11:00 AM ET,"250 GATES CREEK RD BRADENTON, FL- 34212","$49,149.78","$118,552.00","$49,149.78",551000003
2026-04-17T17:25:13,NEW,412024CA000137CAAXMA,04/22/2026 11:00 AM ET,"1703 CENTER RD TERRA CEIA, FL- 34221","$512,329.07","$365,411.00","$512,329.07",2157200259
2026-04-17T17:25:13,NEW,412024CA000291CAAXMA,04/22/2026 11:00 AM ET,"2405 21ST AVE W BRADENTON, FL- 34205","$173,799.10","$230,205.00","$173,799.10",4261600003
2026-04-17T17:25:13,NEW,412025CA000550CAAXMA,04/22/2026 11:00 AM ET,"2713 82ND AVE E ELLENTON, FL- 34222","$503,339.56","$402,087.00","$503,339.56",843501305
2026-04-17T17:25:13,NEW,412025CA001906CAAXMA,04/22/2026 11:00 AM ET,"1922 19TH AVE W BRADENTON, FL- 34205","$301,565.35","$288,916.00",Hidden,4225400109
2026-04-17T17:25:13,NEW,412025CC004244CCAXMA,04/28/2026 11:00 AM ET,"6621 SEVEN PINES DR BRADENTON, FL- 34203","$11,674.22","$204,562.00","$11,674.22",1731527055
2026-04-17T17:25:13,NEW,412025CA000650CAAXMA,04/29/2026 11:00 AM ET,"14490 HIGHLAND RD WIMAUMA, FL- 33598","$404,479.12","$430,436.00","$404,479.12",250210209
2026-04-17T17:25:13,NEW,412025CA000983CAAXMA,04/29/2026 11:00 AM ET,"8426 IMPERIAL CIR PALMETTO, FL- 34221","$153,389.28","$129,960.00","$153,389.28",647123355
2026-04-17T17:25:13,NEW,412025CA001391CAAXMA,04/29/2026 11:00 AM ET,"3920 WILLOW WALK DR PALMETTO, FL- 34221","$337,555.53","$303,596.00",Hidden,760909259
2026-04-17T17:25:13,NEW,412025CA001893CAAXMA,04/29/2026 11:00 AM ET,"4203 36TH ST W BRADENTON, FL- 34205","$269,780.04","$223,225.00","$269,780.04",5104000004
2026-04-17T17:25:13,NEW,412025CA001970CAAXMA,04/29/2026 11:00 AM ET,"2412 58TH AVENUE DR W BRADENTON, FL- 34207","$257,897.84","$300,467.00","$257,897.84",6134700001
2026-04-17T17:25:13,NEW,412025CA002774CAAXMA,04/29/2026 11:00 AM ET,"4708 PARK ACRES DR BRADENTON, FL- 34207","$366,908.04","$259,625.00","$366,908.04",5345200009
2026-04-17T17:25:13,NEW,412025CC003355CCAXMA,04/29/2026 11:00 AM ET,"5523 FAIR OAKS ST BRADENTON, FL- 34203","$13,587.30","$183,013.00","$13,587.30",1731530950
2026-04-17T17:25:13,NEW,412025CC002257CCAXMA,04/30/2026 11:00 AM ET,"12745 HYSMITH LOOP PARRISH, FL- 34219","$4,396.41","$327,876.00","$4,396.41",426118009
2026-04-17T17:25:13,NEW,412025CC002505CCAXMA,04/30/2026 11:00 AM ET,"6323 164TH AVE E PARRISH, FL- 34219","$7,539.22","$265,301.00","$7,539.22",494973309
2026-04-17T17:25:13,NEW,412025CC004570CCAXMA,04/30/2026 11:00 AM ET,"3536 LAKE BAYSHORE DR # K119 BRADENTON, FL- 34205","$25,365.35","$105,400.00","$25,365.35",5057620204
2026-04-17T17:25:13,NEW,412023CA006592CAAXMA,05/06/2026 11:00 AM ET,"714 MAGELLAN DR SARASOTA, FL- 34243","$279,670.59","$314,118.00","$279,670.59",6589100004
2026-04-17T17:25:13,NEW,412024CA000534CAAXMA,05/06/2026 11:00 AM ET,"7745 WESTMORELAND DR SARASOTA, FL- 34243","$415,164.62","$358,138.00","$415,164.62",6674300006
2026-04-17T17:25:13,NEW,412024CA001308CAAXMA,05/06/2026 11:00 AM ET,"2207 12TH ST W BRADENTON, FL- 34205","$198,178.88","$50,165.00","$198,178.88",4483200004
2026-04-17T17:25:13,NEW,412024CA001949CAAXMA,05/06/2026 11:00 AM ET,"4510 EL CONQUISTADOR PKWY APT BRADENTON, FL- 34210","$11,165.76","$83,787.00","$11,165.76",6145517352
2026-04-17T17:25:13,NEW,412025CA001083CAAXMA,05/06/2026 11:00 AM ET,"2213 GRAND FLORA TRL BRADENTON, FL- 34208","$372,187.57","$377,247.00",Hidden,1383501959
2026-04-17T17:25:13,NEW,412025CA001671CAAXMA,05/06/2026 11:00 AM ET,"3811 NIPPERS DR BRADENTON, FL- 34208","$421,376.76","$292,906.00","$421,376.76",1418605409
2026-04-17T17:25:13,NEW,412025CA001733CAAXMA,05/06/2026 11:00 AM ET,"11842 DUNSTER LN PARRISH, FL- 34219","$275,621.77","$250,217.00","$275,621.77",503607409
2026-04-17T17:25:13,NEW,412025CA002154CAAXMA,05/06/2026 11:00 AM ET,"6500 FLOTILLA DR UNIT 224 HOLMES BEACH, FL- 34217","$26,938.89","$582,250.00","$26,938.89",7303907351
2026-04-17T17:25:13,NEW,412026CA000122CAAXMA,05/06/2026 11:00 AM ET,"14448 59TH CIR E BRADENTON, FL- 34211","$170,260.77","$395,153.00","$170,260.77",582322609
2026-04-17T17:25:13,NEW,412017CA002745CAAXMA,05/13/2026 11:00 AM ET,"7560 PLANTATION CIR BRADENTON, FL- 34201","$440,343.14","$255,000.00","$440,343.14",2054801509
2026-04-17T17:25:13,NEW,412023CA004189CAAXMA,05/13/2026 11:00 AM ET,"7708 9TH AVENUE DR NW BRADENTON, FL- 34209","$475,983.92","$233,077.00","$475,983.92",3035305055
2026-04-17T17:25:13,NEW,412023CA005803CAAXMA,05/13/2026 11:00 AM ET,"6205 FAIRMONT LN PALMETTO, FL- 34221","$14,772.72","$221,543.00","$14,772.72",612132959
2026-04-17T17:25:13,NEW,412024CA001288CAAXMA,05/13/2026 11:00 AM ET,"12250 CR 675 PARRISH, FL- 34219","$311,851.38","$319,973.00","$311,851.38",464511005
2026-04-17T17:25:13,NEW,412024CC001367CCAXMA,05/13/2026 11:00 AM ET,"4510 ROYCROFT TER PARRISH, FL- 34219","$18,631.75","$569,927.00","$18,631.75",500222659
2026-04-17T17:25:13,NEW,412025CA002121CAAXMA,05/13/2026 11:00 AM ET,"428 40TH CT W PALMETTO, FL- 34221","$170,723.79","$136,261.00","$269,780.04",2380712352
2026-04-17T17:25:13,NEW,412024CA000884CAAXMA,05/20/2026 11:00 AM ET,"5002 WILLOW PRESERVE WAY PALMETTO, FL- 34221","$275,310.57","$202,652.00","$275,310.57",745023359
2026-04-17T17:25:13,NEW,412025CA000214CAAXMA,05/20/2026 11:00 AM ET,"18104 POLO TRL BRADENTON, FL- 34211","$115,049.88","$646,810.00","$115,049.88",581520759
2026-04-17T17:25:13,NEW,412025CA000725CAAXMA,05/20/2026 11:00 AM ET,"6223 47TH AVE E BRADENTON, FL- 34203","$438,238.16","$482,446.00","$438,238.16",1721500005
2026-04-17T17:25:13,NEW,412025CA000783CAAXMA,05/20/2026 11:00 AM ET,"5833 CARRIAGE DR SARASOTA, FL- 34243","$385,344.33","$382,374.00","$385,344.33",1920404603
2026-04-17T17:25:13,NEW,412024CA001284CAAXMA,05/21/2026 11:00 AM ET,"3002 58TH WAY E PALMETTO, FL- 34221","$7,848.00","$306,866.00","$7,848.00",710301009
2026-04-17T17:25:13,NEW,412023CA005502CAAXMA,05/27/2026 11:00 AM ET,"5143 CREEKSIDE TRL SARASOTA, FL- 34243","$317,849.39","$223,074.00","$317,849.39",1878813809
2026-04-17T17:25:13,NEW,412024CA000887CAAXMA,05/28/2026 11:00 AM ET,"8634 MERCATOR CT PARRISH, FL- 34219","$443,106.44","$441,143.00",Hidden,606203109
2026-04-17T17:25:13,NEW,412025CC003179CCAXMA,05/28/2026 11:00 AM ET,"7280 83RD DR E BRADENTON, FL- 34201","$12,219.09","$250,750.00","$12,219.09",2054122659
2026-04-17T17:25:13,NEW,412025CA000777CAAXMA,06/03/2026 11:00 AM ET,"4126 91ST AVE E PARRISH, FL- 34219","$55,549.03","$309,684.00","$55,549.03",741020459
2026-04-17T17:25:13,NEW,412025CA001008CAAXMA,06/03/2026 11:00 AM ET,"2411 51ST AVENUE DR W BRADENTON, FL- 34207","$68,873.64","$77,605.00","$68,873.64",5329000003
2026-04-17T17:25:13,NEW,412025CA002459CAAXMA,06/03/2026 11:00 AM ET,"4312 80TH ST W BRADENTON, FL- 34209","$235,227.21","$104,331.00","$235,227.21",5159400000
2026-04-17T17:25:13,NEW,412024CA000632CAAXMA,06/10/2026 11:00 AM ET,"7088 CHATUM LIGHT RUN BRADENTON, FL- 34212","$285,760.66","$291,774.00","$285,760.66",1108606559
2026-04-17T17:25:13,NEW,412025CC004581CCAXMA,06/24/2026 11:00 AM ET,"3594 LAKE BAYSHORE DR # K218 BRADENTON, FL- 34205","$32,759.44","$90,100.00","$32,759.44",5057620493
2026-04-17T17:25:13,NEW,412025CA000437CAAXMA,07/01/2026 11:00 AM ET,"4754 MAINSAIL DR BRADENTON, FL- 34208","$1,519,358.22","$691,079.00","$1,519,358.22",1076001719
2026-04-17T17:25:13,NEW,412024CA000165CAAXMA,08/05/2026 11:00 AM ET,"4719 61ST AVENUE TER W BRADENTON, FL- 34210","$661,290.40","$476,000.00","$661,290.40",6147303454
2026-04-22T03:17:30,CLOSED,412024CA000291CAAXMA,04/22/2026 11:00 AM ET,"2405 21ST AVE W BRADENTON, FL- 34205","$173,799.10","$230,205.00","$173,799.10",4261600003
2026-04-22T03:17:30,CLOSED,412025CA000550CAAXMA,04/22/2026 11:00 AM ET,"2713 82ND AVE E ELLENTON, FL- 34222","$503,339.56","$402,087.00","$503,339.56",843501305
2026-04-22T03:17:30,CLOSED,412025CC004244CCAXMA,04/28/2026 11:00 AM ET,"6621 SEVEN PINES DR BRADENTON, FL- 34203","$11,674.22","$204,562.00","$11,674.22",1731527055
2026-04-23T03:17:18,NEW,412025CA001670CAAXMA,05/27/2026 11:00 AM ET,"1801 GULF DR N UNIT 216 BRADENTON BEACH, FL- 34217","$541,356.91","$157,021.00","$541,356.91",7693310000
2026-04-23T03:17:18,CLOSED,412023CA005871CAAXMA,04/22/2026 11:00 AM ET,"250 GATES CREEK RD BRADENTON, FL- 34212","$49,149.78","$118,552.00","$49,149.78",551000003
2026-04-23T03:17:18,CLOSED,412024CA000137CAAXMA,04/22/2026 11:00 AM ET,"1703 CENTER RD TERRA CEIA, FL- 34221","$512,329.07","$365,411.00","$532,862.04",2157200259
2026-04-23T03:17:18,CLOSED,412025CA001906CAAXMA,04/22/2026 11:00 AM ET,"1922 19TH AVE W BRADENTON, FL- 34205","$301,565.35","$288,916.00",Hidden,4225400109
2026-04-24T03:17:22,NEW,412023CA005872CAAXMA,05/20/2026 11:00 AM ET,"17060 POLO TRL BRADENTON, FL- 34211","$828,784.42","$464,492.00","$828,784.42",581518709
2026-04-24T03:17:22,NEW,412024CA000322CAAXMA,06/03/2026 11:00 AM ET,"419 GRIS SKY LN BRADENTON, FL- 34212","$387,373.60","$406,871.00","$387,373.60",556720209
2026-04-27T03:17:20,NEW,412024CA000955CAAXMA,05/20/2026 11:00 AM ET,"18104 POLO TRL BRADENTON, FL- 34211",$0.00,"$646,810.00","$115,049.88",Property
2026-04-27T03:17:20,CLOSED,412025CA000214CAAXMA,05/20/2026 11:00 AM ET,"18104 POLO TRL BRADENTON, FL- 34211","$115,049.88","$646,810.00","$115,049.88",581520759
2026-04-28T03:17:18,NEW,412025CA000214CAAXMA,05/20/2026 11:00 AM ET,"18104 POLO TRL BRADENTON, FL- 34211","$115,049.88","$646,810.00","$115,049.88",581520759
2026-04-28T03:17:18,NEW,412025CA000651CAAXMA,05/28/2026 11:00 AM ET,"7280 83RD DR E BRADENTON, FL- 34201",$0.00,"$250,750.00","$12,219.09",Property
2026-04-28T03:17:18,CLOSED,412025CC003179CCAXMA,05/28/2026 11:00 AM ET,"7280 83RD DR E BRADENTON, FL- 34201","$12,219.09","$250,750.00","$12,219.09",2054122659
2026-04-29T03:17:17,NEW,412025CC003179CCAXMA,05/28/2026 11:00 AM ET,"7280 83RD DR E BRADENTON, FL- 34201","$12,219.09","$250,750.00","$12,219.09",2054122659
2026-04-29T03:17:17,CLOSED,412024CA001308CAAXMA,05/06/2026 11:00 AM ET,"2207 12TH ST W BRADENTON, FL- 34205","$198,178.88","$50,165.00","$198,178.88",4483200004
2026-05-01T03:17:05,NEW,412025CA000801CAAXMA,06/02/2026 11:00 AM ET,"4802 51ST ST W APT 604 BRADENTON, FL- 34210","$151,903.73","$141,100.00","$151,903.73",5165816509
2026-05-01T03:17:05,NEW,412025CC002309CCAXMA,06/02/2026 11:00 AM ET,"4209 WILLOW HAMMOCK DR PALMETTO, FL- 34221","$6,885.58","$237,970.00","$6,885.58",745029459
2026-05-01T03:17:05,CLOSED,412025CA000650CAAXMA,04/29/2026 11:00 AM ET,"14490 HIGHLAND RD WIMAUMA, FL- 33598","$404,479.12","$430,436.00",Hidden,250210209
2026-05-01T03:17:05,CLOSED,412025CA000983CAAXMA,04/29/2026 11:00 AM ET,"8426 IMPERIAL CIR PALMETTO, FL- 34221","$153,389.28","$129,960.00","$148,800.00",647123355
2026-05-01T03:17:05,CLOSED,412025CA001391CAAXMA,04/29/2026 11:00 AM ET,"3920 WILLOW WALK DR PALMETTO, FL- 34221","$337,555.53","$303,596.00",Hidden,760909259
2026-05-01T03:17:05,CLOSED,412025CA001893CAAXMA,04/29/2026 11:00 AM ET,"4203 36TH ST W BRADENTON, FL- 34205","$269,780.04","$223,225.00",Hidden,5104000004
2026-05-01T03:17:05,CLOSED,412025CA001970CAAXMA,04/29/2026 11:00 AM ET,"2412 58TH AVENUE DR W BRADENTON, FL- 34207","$257,897.84","$300,467.00",Hidden,6134700001
2026-05-01T03:17:05,CLOSED,412025CA002774CAAXMA,04/29/2026 11:00 AM ET,"4708 PARK ACRES DR BRADENTON, FL- 34207","$366,908.04","$259,625.00","$191,400.00",5345200009
2026-05-01T03:17:05,CLOSED,412025CC003355CCAXMA,04/29/2026 11:00 AM ET,"5523 FAIR OAKS ST BRADENTON, FL- 34203","$13,587.30","$183,013.00","$13,587.30",1731530950
2026-05-01T03:17:05,CLOSED,412025CC002257CCAXMA,04/30/2026 11:00 AM ET,"12745 HYSMITH LOOP PARRISH, FL- 34219","$4,396.41","$327,876.00","$4,396.41",426118009
2026-05-01T03:17:05,CLOSED,412025CC002505CCAXMA,04/30/2026 11:00 AM ET,"6323 164TH AVE E PARRISH, FL- 34219","$7,539.22","$265,301.00","$7,539.22",494973309
2026-05-01T03:17:05,CLOSED,412025CC004570CCAXMA,04/30/2026 11:00 AM ET,"3536 LAKE BAYSHORE DR # K119 BRADENTON, FL- 34205","$25,365.35","$105,400.00","$26,889.49",5057620204
2026-05-04T03:17:09,CLOSED,412023CA006592CAAXMA,05/06/2026 11:00 AM ET,"714 MAGELLAN DR SARASOTA, FL- 34243","$279,670.59","$314,118.00","$279,670.59",6589100004
2026-05-04T03:17:09,CLOSED,412024CA001949CAAXMA,05/06/2026 11:00 AM ET,"4510 EL CONQUISTADOR PKWY APT BRADENTON, FL- 34210","$11,165.76","$83,787.00","$11,165.76",6145517352
2026-05-05T03:17:06,NEW,412023CA006592CAAXMA,06/24/2026 11:00 AM ET,"3594 LAKE BAYSHORE DR # K218 BRADENTON, FL- 34205",$0.00,"$90,100.00","$32,759.44",Property
2026-05-05T03:17:06,CLOSED,412025CC003179CCAXMA,05/28/2026 11:00 AM ET,"7280 83RD DR E BRADENTON, FL- 34201","$12,219.09","$250,750.00","$12,219.09",2054122659
2026-05-05T03:17:06,CLOSED,412025CC004581CCAXMA,06/24/2026 11:00 AM ET,"3594 LAKE BAYSHORE DR # K218 BRADENTON, FL- 34205","$32,759.44","$90,100.00","$32,759.44",5057620493
2026-05-06T03:16:58,NEW,412025CC003179CCAXMA,05/28/2026 11:00 AM ET,"7280 83RD DR E BRADENTON, FL- 34201","$12,219.09","$250,750.00","$12,219.09",2054122659
2026-05-06T03:16:58,NEW,412025CC004581CCAXMA,06/24/2026 11:00 AM ET,"3594 LAKE BAYSHORE DR # K218 BRADENTON, FL- 34205","$32,759.44","$90,100.00","$32,759.44",5057620493
2026-05-06T03:16:58,NEW,412025CA002295CAAXMA,08/05/2026 11:00 AM ET,"1009 6TH ST W BRADENTON, FL- 34205","$200,993.12","$47,487.00","$200,993.12",4324500000
2026-05-07T03:16:51,NEW,412025CA000902CAAXMA,06/03/2026 11:00 AM ET,"2411 51ST AVENUE DR W BRADENTON, FL- 34207",$0.00,"$77,605.00","$68,873.64",Property
2026-05-07T03:16:51,CLOSED,412024CA000534CAAXMA,05/06/2026 11:00 AM ET,"7745 WESTMORELAND DR SARASOTA, FL- 34243","$415,164.62","$358,138.00","$275,500.00",6674300006
2026-05-07T03:16:51,CLOSED,412025CA001083CAAXMA,05/06/2026 11:00 AM ET,"2213 GRAND FLORA TRL BRADENTON, FL- 34208","$372,187.57","$377,247.00",Hidden,1383501959
2026-05-07T03:16:51,CLOSED,412025CA001671CAAXMA,05/06/2026 11:00 AM ET,"3811 NIPPERS DR BRADENTON, FL- 34208","$421,376.76","$292,906.00","$220,400.00",1418605409
2026-05-07T03:16:51,CLOSED,412025CA001733CAAXMA,05/06/2026 11:00 AM ET,"11842 DUNSTER LN PARRISH, FL- 34219","$275,621.77","$250,217.00",Hidden,503607409
2026-05-07T03:16:51,CLOSED,412026CA000122CAAXMA,05/06/2026 11:00 AM ET,"14448 59TH CIR E BRADENTON, FL- 34211","$170,260.77","$395,153.00","$170,260.77",582322609
2026-05-07T03:16:51,CLOSED,412024CA001284CAAXMA,05/21/2026 11:00 AM ET,"3002 58TH WAY E PALMETTO, FL- 34221","$7,848.00","$306,866.00","$7,848.00",710301009
2026-05-07T03:16:51,CLOSED,412025CA001008CAAXMA,06/03/2026 11:00 AM ET,"2411 51ST AVENUE DR W BRADENTON, FL- 34207","$68,873.64","$77,605.00","$68,873.64",5329000003
2026-05-08T03:16:50,NEW,412025CA000550CAAXMA,05/27/2026 11:00 AM ET,"1801 GULF DR N UNIT 216 BRADENTON BEACH, FL- 34217",$0.00,"$157,021.00","$541,356.91",Property
2026-05-08T03:16:50,NEW,412025CA001008CAAXMA,06/03/2026 11:00 AM ET,"2411 51ST AVENUE DR W BRADENTON, FL- 34207","$68,873.64","$77,605.00","$68,873.64",5329000003
2026-05-08T03:16:50,NEW,412015CA002051CAAXMA,06/09/2026 11:00 AM ET,"1711 17TH ST W PALMETTO, FL- 34221","$747,978.85","$625,361.00","$747,978.85",2800600005
2026-05-08T03:16:50,NEW,412025CA001790CAAXMA,07/01/2026 11:00 AM ET,"4708 PARK ACRES DR BRADENTON, FL- 34207","$412,899.68","$259,625.00","$366,908.04",MULTIPLE
2026-05-08T03:16:50,CLOSED,412024CA000884CAAXMA,05/20/2026 11:00 AM ET,"5002 WILLOW PRESERVE WAY PALMETTO, FL- 34221","$275,310.57","$202,652.00","$275,310.57",745023359
2026-05-08T03:16:50,CLOSED,412025CA001670CAAXMA,05/27/2026 11:00 AM ET,"1801 GULF DR N UNIT 216 BRADENTON BEACH, FL- 34217","$541,356.91","$157,021.00","$541,356.91",7693310000
2026-05-11T03:17:12,NEW,412025CA001670CAAXMA,05/27/2026 11:00 AM ET,"1801 GULF DR N UNIT 216 BRADENTON BEACH, FL- 34217","$541,356.91","$157,021.00","$541,356.91",7693310000
2026-05-11T03:17:12,NEW,412025CA000597CAAXMA,06/09/2026 11:00 AM ET,"2309 64TH ST W BRADENTON, FL- 34209","$411,160.62","$452,372.00","$411,160.62",3938601808
2026-05-11T03:17:12,NEW,412016CA000235CAAXMA,06/24/2026 11:00 AM ET,"714 MAGELLAN DR SARASOTA, FL- 34243",$0.00,"$314,118.00","$279,670.59",Property
2026-05-11T03:17:12,NEW,412025CA002166CAAXMA,06/24/2026 11:00 AM ET,"3594 LAKE BAYSHORE DR # K218 BRADENTON, FL- 34205",$0.00,"$90,100.00","$32,759.44",Property
2026-05-11T03:17:12,CLOSED,412023CA006592CAAXMA,06/24/2026 11:00 AM ET,"714 MAGELLAN DR SARASOTA, FL- 34243","$279,670.59","$314,118.00","$279,670.59",6589100004
2026-05-11T03:17:12,CLOSED,412025CC004581CCAXMA,06/24/2026 11:00 AM ET,"3594 LAKE BAYSHORE DR # K218 BRADENTON, FL- 34205","$32,759.44","$90,100.00","$32,759.44",5057620493
2026-05-12T03:17:10,NEW,412025CA001281CAAXMA,06/10/2026 11:00 AM ET,"2705 SOUTHERN PKWY W BRADENTON, FL- 34205","$811,699.88","$172,199.00","$811,699.88",4991300007
2026-05-12T03:17:10,NEW,412023CA006592CAAXMA,06/24/2026 11:00 AM ET,"714 MAGELLAN DR SARASOTA, FL- 34243","$279,670.59","$314,118.00","$279,670.59",6589100004
2026-05-12T03:17:10,NEW,412025CC004581CCAXMA,06/24/2026 11:00 AM ET,"3594 LAKE BAYSHORE DR # K218 BRADENTON, FL- 34205","$32,759.44","$90,100.00","$32,759.44",5057620493
2026-05-12T03:17:10,NEW,412025CA000855CAAXMA,09/09/2026 11:00 AM ET,"4746 PINNACLE DR BRADENTON, FL- 34208","$238,014.48","$652,660.00","$238,014.48",1074501859
2026-05-14T03:17:03,NEW,412025CA000164CAAXMA,05/20/2026 11:00 AM ET,"18104 POLO TRL BRADENTON, FL- 34211",$0.00,"$646,810.00",Hidden,Property
2026-05-14T03:17:03,CLOSED,412017CA002745CAAXMA,05/13/2026 11:00 AM ET,"7560 PLANTATION CIR BRADENTON, FL- 34201","$440,343.14","$255,000.00",Hidden,2054801509
2026-05-14T03:17:03,CLOSED,412023CA004189CAAXMA,05/13/2026 11:00 AM ET,"7708 9TH AVENUE DR NW BRADENTON, FL- 34209","$475,983.92","$233,077.00","$242,400.30",3035305055
2026-05-14T03:17:03,CLOSED,412023CA005803CAAXMA,05/13/2026 11:00 AM ET,"6205 FAIRMONT LN PALMETTO, FL- 34221","$14,772.72","$221,543.00","$14,772.72",612132959
2026-05-14T03:17:03,CLOSED,412024CC001367CCAXMA,05/13/2026 11:00 AM ET,"4510 ROYCROFT TER PARRISH, FL- 34219","$18,631.75","$569,927.00","$18,631.75",500222659
2026-05-14T03:17:03,CLOSED,412025CA002121CAAXMA,05/13/2026 11:00 AM ET,"428 40TH CT W PALMETTO, FL- 34221","$170,723.79","$136,261.00",Hidden,2380712352
2026-05-14T03:17:03,CLOSED,412025CA000214CAAXMA,05/20/2026 11:00 AM ET,"18104 POLO TRL BRADENTON, FL- 34211","$115,049.88","$646,810.00",Hidden,581520759
2026-05-15T03:17:04,NEW,412025CA001955CAAXMA,06/10/2026 11:00 AM ET,"2400 3RD ST E BRADENTON, FL- 34208","$127,920.38","$80,750.00","$155,000.00",Property
2026-05-15T03:17:04,NEW,412024CA000928CAAXMA,06/17/2026 11:00 AM ET,"12250 CR 675 PARRISH, FL- 34219",$0.00,"$319,973.00","$311,851.38",Property
2026-05-15T03:17:04,CLOSED,412023CA005502CAAXMA,05/27/2026 11:00 AM ET,"5143 CREEKSIDE TRL SARASOTA, FL- 34243","$317,849.39","$223,074.00","$317,849.39",1878813809
2026-05-15T03:17:04,CLOSED,412024CA001288CAAXMA,06/17/2026 11:00 AM ET,"12250 CR 675 PARRISH, FL- 34219","$311,851.38","$319,973.00","$311,851.38",464511005
2026-05-18T03:17:11,NEW,412024CA001288CAAXMA,06/17/2026 11:00 AM ET,"12250 CR 675 PARRISH, FL- 34219","$311,851.38","$319,973.00","$311,851.38",464511005
2026-05-19T03:17:11,NEW,412025CA001677CAAXMA,06/17/2026 11:00 AM ET,"11532 52ND CT E PARRISH, FL- 34219","$183,025.33","$246,281.00","$183,025.33",470940559
2026-05-20T03:17:27,CLOSED,412023CA005872CAAXMA,05/20/2026 11:00 AM ET,"17060 POLO TRL BRADENTON, FL- 34211","$828,784.42","$464,492.00","$828,784.42",581518709
2026-05-20T03:17:27,CLOSED,412025CA000783CAAXMA,05/20/2026 11:00 AM ET,"5833 CARRIAGE DR SARASOTA, FL- 34243","$385,344.33","$382,374.00","$222,300.00",1920404603
2026-05-21T03:17:26,NEW,412024CA000137CAAXMA,05/27/2026 11:00 AM ET,"1703 CENTER RD TERRA CEIA, FL- 34221","$512,329.07","$365,411.00","$512,329.07",2157200259
2026-05-21T03:17:26,NEW,412025CC004482CCAXMA,06/23/2026 11:00 AM ET,"6802 ARBOR OAKS DR BRADENTON, FL- 34209","$21,380.93","$366,336.00","$21,380.93",3918501051
2026-05-21T03:17:26,NEW,412025CC003495CCAXMA,07/16/2026 11:00 AM ET,"7706 US OPEN LOOP LAKEWOOD RANCH, FL- 34202","$13,008.40","$546,310.00","$13,008.40",588433805
2026-05-21T03:17:26,NEW,412025CC002885CCAXMA,07/28/2026 11:00 AM ET,"4581 35TH AVENUE CIR E PALMETTO, FL- 34221","$14,074.32","$140,688.00","$14,074.32",747500659
2026-05-21T03:17:26,NEW,412025CA001265CAAXMA,09/23/2026 11:00 AM ET,"2008 27TH AVE W BRADENTON, FL- 34205","$334,853.55","$279,292.00","$334,853.55",4930100005
2026-05-21T03:17:26,CLOSED,412024CA000955CAAXMA,05/20/2026 11:00 AM ET,"13840 GREEN HAMMOCK PL BRADENTON, FL- 34211","$686,313.25","$816,589.00",Hidden,580085559
2026-05-21T03:17:26,CLOSED,412025CA000164CAAXMA,05/20/2026 11:00 AM ET,"1302 28TH ST W BRADENTON, FL- 34205","$88,076.77","$174,599.00",Hidden,4164500003
2026-05-21T03:17:26,CLOSED,412025CA000725CAAXMA,05/20/2026 11:00 AM ET,"6223 47TH AVE E BRADENTON, FL- 34203","$438,238.16","$482,446.00","$447,490.84",1721500005
2026-05-22T03:17:31,NEW,412024CA001308CAAXMA,06/17/2026 11:00 AM ET,"11532 52ND CT E PARRISH, FL- 34219",$0.00,"$246,281.00","$183,025.33",Property
2026-05-22T03:17:31,CLOSED,412025CA001677CAAXMA,06/17/2026 11:00 AM ET,"11532 52ND CT E PARRISH, FL- 34219","$183,025.33","$246,281.00","$183,025.33",470940559
2026-05-25T03:17:27,NEW,412023CA004171CAAXMA,06/10/2026 11:00 AM ET,"2705 SOUTHERN PKWY W BRADENTON, FL- 34205",$0.00,"$172,199.00","$811,699.88",Property
2026-05-25T03:17:27,NEW,412025CA001677CAAXMA,06/17/2026 11:00 AM ET,"11532 52ND CT E PARRISH, FL- 34219","$183,025.33","$246,281.00","$183,025.33",470940559
2026-05-25T03:17:27,CLOSED,412025CA001670CAAXMA,05/27/2026 11:00 AM ET,"1801 GULF DR N UNIT 216 BRADENTON BEACH, FL- 34217","$541,356.91","$157,021.00","$541,356.91",7693310000
2026-05-25T03:17:27,CLOSED,412025CA001281CAAXMA,06/10/2026 11:00 AM ET,"2705 SOUTHERN PKWY W BRADENTON, FL- 34205","$811,699.88","$172,199.00","$811,699.88",4991300007
2026-05-27T03:17:39,NEW,412025CA001281CAAXMA,06/10/2026 11:00 AM ET,"2705 SOUTHERN PKWY W BRADENTON, FL- 34205","$811,699.88","$172,199.00","$811,699.88",4991300007
2026-05-27T03:17:39,NEW,412025CC003035CCAXMA,07/07/2026 11:00 AM ET,"6009 AMBERLY DR BRADENTON, FL- 34208","$10,032.06","$320,757.00","$10,032.06",1424521609
2026-05-27T03:17:39,NEW,412025CA001670CAAXMA,08/05/2026 11:00 AM ET,"1801 GULF DR N UNIT 216 BRADENTON BEACH, FL- 34217","$541,356.91","$157,021.00","$541,356.91",7693310000
2026-05-28T03:17:35,CLOSED,412024CA000137CAAXMA,05/27/2026 11:00 AM ET,"1703 CENTER RD TERRA CEIA, FL- 34221","$512,329.07","$365,411.00","$216,644.00",2157200259
2026-05-28T03:17:35,CLOSED,412025CA000550CAAXMA,05/27/2026 11:00 AM ET,"2713 82ND AVE E ELLENTON, FL- 34222","$503,339.56","$402,087.00","$173,163.00",843501305
2026-05-29T03:15:12,CLOSED,412024CA000887CAAXMA,05/28/2026 11:00 AM ET,"8634 MERCATOR CT PARRISH, FL- 34219","$443,106.44","$441,143.00",Hidden,606203109
2026-05-29T03:15:12,CLOSED,412025CA000651CAAXMA,05/28/2026 11:00 AM ET,"17551 POLO TRL BRADENTON, FL- 34211","$735,197.05","$715,729.00","$747,372.13",581611659
2026-05-29T03:15:12,CLOSED,412025CA002154CAAXMA,05/28/2026 11:00 AM ET,"6500 FLOTILLA DR UNIT 224 HOLMES BEACH, FL- 34217","$26,938.89","$582,250.00","$26,938.89",7303907351
2026-05-29T03:15:12,CLOSED,412025CC003179CCAXMA,05/28/2026 11:00 AM ET,"7280 83RD DR E BRADENTON, FL- 34201","$12,219.09","$250,750.00","$12,898.06",2054122659
2026-05-29T03:15:12,CLOSED,412025CA000801CAAXMA,06/02/2026 11:00 AM ET,"4802 51ST ST W APT 604 BRADENTON, FL- 34210","$151,903.73","$141,100.00","$151,903.73",5165816509
2026-05-29T03:15:12,CLOSED,412025CC002309CCAXMA,06/02/2026 11:00 AM ET,"4209 WILLOW HAMMOCK DR PALMETTO, FL- 34221","$6,885.58","$237,970.00","$6,885.58",745029459
2026-05-29T03:15:12,CLOSED,412024CA000322CAAXMA,06/03/2026 11:00 AM ET,"419 GRIS SKY LN BRADENTON, FL- 34212","$387,373.60","$406,871.00","$261,000.00",556720209
2026-05-29T03:15:12,CLOSED,412024CA000632CAAXMA,06/03/2026 11:00 AM ET,"7088 CHATUM LIGHT RUN BRADENTON, FL- 34212","$285,760.66","$291,774.00",Hidden,1108606559
2026-05-29T03:15:12,CLOSED,412025CA000777CAAXMA,06/03/2026 11:00 AM ET,"4126 91ST AVE E PARRISH, FL- 34219","$55,549.03","$309,684.00","$55,549.03",741020459
2026-05-29T03:15:12,CLOSED,412025CA000902CAAXMA,06/03/2026 11:00 AM ET,"11522 84TH STREET CIR E UNIT 1 PARRISH, FL- 34219","$266,951.57","$225,246.00","$266,951.57",465520109
2026-05-29T03:15:12,CLOSED,412025CA001008CAAXMA,06/03/2026 11:00 AM ET,"2411 51ST AVENUE DR W BRADENTON, FL- 34207","$68,873.64","$77,605.00","$70,196.88",5329000003
2026-05-29T03:15:12,CLOSED,412025CA002459CAAXMA,06/03/2026 11:00 AM ET,"4312 80TH ST W BRADENTON, FL- 34209","$235,227.21","$104,331.00","$235,227.21",5159400000
2026-05-29T03:15:12,CLOSED,412015CA002051CAAXMA,06/09/2026 11:00 AM ET,"1711 17TH ST W PALMETTO, FL- 34221","$747,978.85","$625,361.00","$747,978.85",2800600005
2026-05-29T03:15:12,CLOSED,412025CA000597CAAXMA,06/09/2026 11:00 AM ET,"2309 64TH ST W BRADENTON, FL- 34209","$411,160.62","$452,372.00","$411,160.62",3938601808
2026-05-29T03:15:12,CLOSED,412023CA004171CAAXMA,06/10/2026 11:00 AM ET,"6006 66TH STREET CIR E PALMETTO, FL- 34221","$190,601.31","$283,181.00","$190,601.31",662401553
2026-05-29T03:15:12,CLOSED,412025CA001281CAAXMA,06/10/2026 11:00 AM ET,"2705 SOUTHERN PKWY W BRADENTON, FL- 34205","$811,699.88","$172,199.00","$811,699.88",4991300007
2026-05-29T03:15:12,CLOSED,412025CA001955CAAXMA,06/10/2026 11:00 AM ET,"2400 3RD ST E BRADENTON, FL- 34208","$127,920.38","$80,750.00","$155,000.00",Property
2026-05-29T03:15:12,CLOSED,412024CA000928CAAXMA,06/17/2026 11:00 AM ET,"5884 17TH ST W UNIT C21 BRADENTON, FL- 34207","$14,082.03","$67,270.00","$14,082.03",5950900000
2026-05-29T03:15:12,CLOSED,412024CA001288CAAXMA,06/17/2026 11:00 AM ET,"12250 CR 675 PARRISH, FL- 34219","$311,851.38","$319,973.00","$311,851.38",464511005
2026-05-29T03:15:12,CLOSED,412024CA001308CAAXMA,06/17/2026 11:00 AM ET,"2207 12TH ST W BRADENTON, FL- 34205","$198,178.88","$50,165.00","$198,178.88",4483200004
2026-05-29T03:15:12,CLOSED,412025CA001677CAAXMA,06/17/2026 11:00 AM ET,"11532 52ND CT E PARRISH, FL- 34219","$183,025.33","$246,281.00","$183,025.33",470940559
2026-05-29T03:15:12,CLOSED,412025CC004482CCAXMA,06/23/2026 11:00 AM ET,"6802 ARBOR OAKS DR BRADENTON, FL- 34209","$21,380.93","$366,336.00","$21,380.93",3918501051
2026-05-29T03:15:12,CLOSED,412016CA000235CAAXMA,06/24/2026 11:00 AM ET,"914 27TH ST E BRADENTON, FL- 34208","$533,797.88","$355,533.00","$533,797.88",1353900853
2026-05-29T03:15:12,CLOSED,412023CA006592CAAXMA,06/24/2026 11:00 AM ET,"714 MAGELLAN DR SARASOTA, FL- 34243","$279,670.59","$314,118.00","$279,670.59",6589100004
2026-05-29T03:15:12,CLOSED,412025CA002166CAAXMA,06/24/2026 11:00 AM ET,"2813 EDGEWOOD DR PARRISH, FL- 34219","$327,813.29","$353,521.00","$327,813.29",512936809
2026-05-29T03:15:12,CLOSED,412025CC004581CCAXMA,06/24/2026 11:00 AM ET,"3594 LAKE BAYSHORE DR # K218 BRADENTON, FL- 34205","$32,759.44","$90,100.00","$32,759.44",5057620493
2026-05-29T03:15:12,CLOSED,412025CA000437CAAXMA,07/01/2026 11:00 AM ET,"4754 MAINSAIL DR BRADENTON, FL- 34208","$1,519,358.22","$691,079.00","$1,519,358.22",1076001719
2026-05-29T03:15:12,CLOSED,412025CA001790CAAXMA,07/01/2026 11:00 AM ET,"4708 PARK ACRES DR BRADENTON, FL- 34207","$412,899.68","$259,625.00","$366,908.04",MULTIPLE
2026-05-29T03:15:12,CLOSED,412025CC003035CCAXMA,07/07/2026 11:00 AM ET,"6009 AMBERLY DR BRADENTON, FL- 34208","$10,032.06","$320,757.00","$10,032.06",1424521609
2026-05-29T03:15:12,CLOSED,412025CC003495CCAXMA,07/16/2026 11:00 AM ET,"7706 US OPEN LOOP LAKEWOOD RANCH, FL- 34202","$13,008.40","$546,310.00","$13,008.40",588433805
2026-05-29T03:15:12,CLOSED,412025CC002885CCAXMA,07/28/2026 11:00 AM ET,"4581 35TH AVENUE CIR E PALMETTO, FL- 34221","$14,074.32","$140,688.00","$14,074.32",747500659
2026-05-29T03:15:12,CLOSED,412024CA000165CAAXMA,08/05/2026 11:00 AM ET,"4719 61ST AVENUE TER W BRADENTON, FL- 34210","$661,290.40","$476,000.00","$661,290.40",6147303454
2026-05-29T03:15:12,CLOSED,412025CA001670CAAXMA,08/05/2026 11:00 AM ET,"1801 GULF DR N UNIT 216 BRADENTON BEACH, FL- 34217","$541,356.91","$157,021.00","$541,356.91",7693310000
2026-05-29T03:15:12,CLOSED,412025CA002295CAAXMA,08/05/2026 11:00 AM ET,"1009 6TH ST W BRADENTON, FL- 34205","$200,993.12","$47,487.00","$200,993.12",4324500000
2026-05-29T03:15:12,CLOSED,412025CA000855CAAXMA,09/09/2026 11:00 AM ET,"4746 PINNACLE DR BRADENTON, FL- 34208","$238,014.48","$652,660.00","$238,014.48",1074501859
2026-05-29T03:15:12,CLOSED,412025CA001265CAAXMA,09/23/2026 11:00 AM ET,"2008 27TH AVE W BRADENTON, FL- 34205","$334,853.55","$279,292.00","$334,853.55",4930100005
2026-06-01T03:17:45,NEW,412025CA000801CAAXMA,06/02/2026 11:00 AM ET,"4802 51ST ST W APT 604 BRADENTON, FL- 34210","$151,903.73","$141,100.00","$151,903.73",5165816509
2026-06-01T03:17:45,NEW,412025CC002309CCAXMA,06/02/2026 11:00 AM ET,"4209 WILLOW HAMMOCK DR PALMETTO, FL- 34221","$6,885.58","$237,970.00","$6,885.58",745029459
2026-06-01T03:17:45,NEW,412024CA000322CAAXMA,06/03/2026 11:00 AM ET,"419 GRIS SKY LN BRADENTON, FL- 34212","$387,373.60","$406,871.00","$261,000.00",556720209
2026-06-01T03:17:45,NEW,412025CA000777CAAXMA,06/03/2026 11:00 AM ET,"4126 91ST AVE E PARRISH, FL- 34219","$55,549.03","$309,684.00","$55,549.03",741020459
2026-06-01T03:17:45,NEW,412025CA000902CAAXMA,06/03/2026 11:00 AM ET,"11522 84TH STREET CIR E UNIT 1 PARRISH, FL- 34219","$266,951.57","$225,246.00","$266,951.57",465520109
2026-06-01T03:17:45,NEW,412025CA001008CAAXMA,06/03/2026 11:00 AM ET,"2411 51ST AVENUE DR W BRADENTON, FL- 34207","$68,873.64","$77,605.00","$70,196.88",5329000003
2026-06-01T03:17:45,NEW,412025CA002459CAAXMA,06/03/2026 11:00 AM ET,"4312 80TH ST W BRADENTON, FL- 34209","$235,227.21","$104,331.00","$235,227.21",5159400000
2026-06-01T03:17:45,NEW,412015CA002051CAAXMA,06/09/2026 11:00 AM ET,"1711 17TH ST W PALMETTO, FL- 34221","$747,978.85","$625,361.00","$747,978.85",2800600005
2026-06-01T03:17:45,NEW,412025CA000597CAAXMA,06/09/2026 11:00 AM ET,"2309 64TH ST W BRADENTON, FL- 34209","$411,160.62","$452,372.00","$411,160.62",3938601808
2026-06-01T03:17:45,NEW,412023CA004171CAAXMA,06/10/2026 11:00 AM ET,"6006 66TH STREET CIR E PALMETTO, FL- 34221","$190,601.31","$283,181.00","$190,601.31",662401553
2026-06-01T03:17:45,NEW,412025CA001281CAAXMA,06/10/2026 11:00 AM ET,"2705 SOUTHERN PKWY W BRADENTON, FL- 34205","$811,699.88","$172,199.00",Hidden,4991300007
2026-06-01T03:17:45,NEW,412025CA001955CAAXMA,06/10/2026 11:00 AM ET,"2400 3RD ST E BRADENTON, FL- 34208","$127,920.38","$80,750.00","$155,000.00",Property
2026-06-01T03:17:45,NEW,412024CA000928CAAXMA,06/17/2026 11:00 AM ET,"5884 17TH ST W UNIT C21 BRADENTON, FL- 34207","$14,082.03","$67,270.00","$14,082.03",5950900000
2026-06-01T03:17:45,NEW,412024CA001288CAAXMA,06/17/2026 11:00 AM ET,"12250 CR 675 PARRISH, FL- 34219","$311,851.38","$319,973.00","$311,851.38",464511005
2026-06-01T03:17:45,NEW,412024CA001308CAAXMA,06/17/2026 11:00 AM ET,"2207 12TH ST W BRADENTON, FL- 34205","$198,178.88","$50,165.00","$198,178.88",4483200004
2026-06-01T03:17:45,NEW,412025CA001677CAAXMA,06/17/2026 11:00 AM ET,"11532 52ND CT E PARRISH, FL- 34219","$183,025.33","$246,281.00","$183,025.33",470940559
2026-06-01T03:17:45,NEW,412025CC004482CCAXMA,06/23/2026 11:00 AM ET,"6802 ARBOR OAKS DR BRADENTON, FL- 34209","$21,380.93","$366,336.00","$21,380.93",3918501051
2026-06-01T03:17:45,NEW,412016CA000235CAAXMA,06/24/2026 11:00 AM ET,"914 27TH ST E BRADENTON, FL- 34208","$533,797.88","$355,533.00","$533,797.88",1353900853
2026-06-01T03:17:45,NEW,412023CA006592CAAXMA,06/24/2026 11:00 AM ET,"714 MAGELLAN DR SARASOTA, FL- 34243","$279,670.59","$314,118.00","$279,670.59",6589100004
2026-06-01T03:17:45,NEW,412025CA002166CAAXMA,06/24/2026 11:00 AM ET,"2813 EDGEWOOD DR PARRISH, FL- 34219","$327,813.29","$353,521.00","$327,813.29",512936809
2026-06-01T03:17:45,NEW,412025CC004581CCAXMA,06/24/2026 11:00 AM ET,"3594 LAKE BAYSHORE DR # K218 BRADENTON, FL- 34205","$32,759.44","$90,100.00","$32,759.44",5057620493
2026-06-01T03:17:45,NEW,412025CA000437CAAXMA,07/01/2026 11:00 AM ET,"4754 MAINSAIL DR BRADENTON, FL- 34208","$1,519,358.22","$691,079.00","$1,519,358.22",1076001719
2026-06-01T03:17:45,NEW,412025CA001790CAAXMA,07/01/2026 11:00 AM ET,"4708 PARK ACRES DR BRADENTON, FL- 34207","$412,899.68","$259,625.00","$366,908.04",MULTIPLE
2026-06-01T03:17:45,NEW,412025CC003035CCAXMA,07/07/2026 11:00 AM ET,"6009 AMBERLY DR BRADENTON, FL- 34208","$10,032.06","$320,757.00","$10,032.06",1424521609
2026-06-01T03:17:45,NEW,412025CC003495CCAXMA,07/16/2026 11:00 AM ET,"7706 US OPEN LOOP LAKEWOOD RANCH, FL- 34202","$13,008.40","$546,310.00","$13,008.40",588433805
2026-06-01T03:17:45,NEW,412025CC002885CCAXMA,07/28/2026 11:00 AM ET,"4581 35TH AVENUE CIR E PALMETTO, FL- 34221","$14,074.32","$140,688.00","$14,074.32",747500659
2026-06-01T03:17:45,NEW,412024CA000165CAAXMA,08/05/2026 11:00 AM ET,"4719 61ST AVENUE TER W BRADENTON, FL- 34210","$661,290.40","$476,000.00","$661,290.40",6147303454
2026-06-01T03:17:45,NEW,412025CA001670CAAXMA,08/05/2026 11:00 AM ET,"1801 GULF DR N UNIT 216 BRADENTON BEACH, FL- 34217","$541,356.91","$157,021.00","$541,356.91",7693310000
2026-06-01T03:17:45,NEW,412025CA002295CAAXMA,08/05/2026 11:00 AM ET,"1009 6TH ST W BRADENTON, FL- 34205","$200,993.12","$47,487.00","$200,993.12",4324500000
2026-06-01T03:17:45,NEW,412025CA002772CAAXMA,08/26/2026 11:00 AM ET,"4016 KINGSFIELD DR PARRISH, FL- 34219","$512,377.26","$377,425.00","$512,377.26",503604357
2026-06-01T03:17:45,NEW,412025CA000855CAAXMA,09/09/2026 11:00 AM ET,"4746 PINNACLE DR BRADENTON, FL- 34208","$238,014.48","$652,660.00","$238,014.48",1074501859
2026-06-01T03:17:45,NEW,412025CA001265CAAXMA,09/23/2026 11:00 AM ET,"2008 27TH AVE W BRADENTON, FL- 34205","$334,853.55","$279,292.00","$334,853.55",4930100005
2026-06-02T03:17:47,NEW,412025CA002413CAAXMA,07/15/2026 11:00 AM ET,"2407 18TH ST E BRADENTON, FL- 34208","$316,959.82","$221,034.00","$316,959.82",1384402754
2026-06-02T03:17:47,NEW,412025CC004086CCAXMA,08/11/2026 11:00 AM ET,"14308 SUNDIAL PL LAKEWOOD RANCH, FL- 34202","$6,265.81","$340,656.00","$6,265.81",584363009
2026-06-03T03:17:37,NEW,412026CA000141CAAXMA,06/10/2026 11:00 AM ET,"904 CYPRESS WOOD LN SARASOTA, FL- 34243","$155,000.00","$80,750.00","$155,000.00",6650212100
2026-06-03T03:17:37,CLOSED,412025CA000801CAAXMA,06/02/2026 11:00 AM ET,"4802 51ST ST W APT 604 BRADENTON, FL- 34210","$151,903.73","$141,100.00",Hidden,5165816509
2026-06-03T03:17:37,CLOSED,412025CC002309CCAXMA,06/02/2026 11:00 AM ET,"4209 WILLOW HAMMOCK DR PALMETTO, FL- 34221","$6,885.58","$237,970.00","$6,885.58",745029459
2026-06-03T03:17:37,CLOSED,412025CA001955CAAXMA,06/10/2026 11:00 AM ET,"2400 3RD ST E BRADENTON, FL- 34208","$127,920.38","$80,750.00","$155,000.00",Property
2026-06-04T03:17:42,NEW,412026CA000186CAAXMA,07/01/2026 11:00 AM ET,"3715 75TH DR E SARASOTA, FL- 34243","$227,199.75","$267,434.00","$227,199.75",1975110550
2026-06-04T03:17:42,NEW,412025CA000729CAAXMA,07/29/2026 11:00 AM ET,"323 158TH ST E BRADENTON, FL- 34212","$554,236.93","$452,485.00","$554,236.93",561620309
2026-06-04T03:17:42,NEW,412025CA002251CAAXMA,07/29/2026 11:00 AM ET,"1004 72ND ST NW BRADENTON, FL- 34209","$183,656.10","$171,855.00","$183,656.10",3035900301
2026-06-04T03:17:42,NEW,412025CA001955CAAXMA,09/02/2026 11:00 AM ET,"2400 3RD ST E BRADENTON, FL- 34208","$127,920.38","$71,519.00","$127,920.38",4640300002
2026-06-04T03:17:42,CLOSED,412024CA000322CAAXMA,06/03/2026 11:00 AM ET,"419 GRIS SKY LN BRADENTON, FL- 34212","$387,373.60","$406,871.00","$261,000.00",556720209
2026-06-04T03:17:42,CLOSED,412025CA000777CAAXMA,06/03/2026 11:00 AM ET,"4126 91ST AVE E PARRISH, FL- 34219","$55,549.03","$309,684.00","$55,549.03",741020459
2026-06-04T03:17:42,CLOSED,412025CA000902CAAXMA,06/03/2026 11:00 AM ET,"11522 84TH STREET CIR E UNIT 1 PARRISH, FL- 34219","$266,951.57","$225,246.00","$143,800.00",465520109
2026-06-04T03:17:42,CLOSED,412025CA001008CAAXMA,06/03/2026 11:00 AM ET,"2411 51ST AVENUE DR W BRADENTON, FL- 34207","$68,873.64","$77,605.00","$70,196.88",5329000003
2026-06-04T03:17:42,CLOSED,412025CA002459CAAXMA,06/03/2026 11:00 AM ET,"4312 80TH ST W BRADENTON, FL- 34209","$235,227.21","$104,331.00","$242,815.04",5159400000
2026-06-04T03:17:42,CLOSED,412024CA000928CAAXMA,06/17/2026 11:00 AM ET,"5884 17TH ST W UNIT C21 BRADENTON, FL- 34207","$14,082.03","$67,270.00","$14,082.03",5950900000
2026-06-04T03:17:42,CLOSED,412024CA001288CAAXMA,06/17/2026 11:00 AM ET,"12250 CR 675 PARRISH, FL- 34219","$311,851.38","$319,973.00","$311,851.38",464511005
2026-06-04T03:17:42,CLOSED,412024CA001308CAAXMA,06/17/2026 11:00 AM ET,"2207 12TH ST W BRADENTON, FL- 34205","$198,178.88","$50,165.00","$198,178.88",4483200004
2026-06-04T03:17:42,CLOSED,412025CA001677CAAXMA,06/17/2026 11:00 AM ET,"11532 52ND CT E PARRISH, FL- 34219","$183,025.33","$246,281.00","$183,025.33",470940559
2026-06-05T03:17:45,NEW,412024CA000928CAAXMA,06/17/2026 11:00 AM ET,"5884 17TH ST W UNIT C21 BRADENTON, FL- 34207","$14,082.03","$67,270.00","$14,082.03",5950900000
2026-06-05T03:17:45,NEW,412024CA001288CAAXMA,06/17/2026 11:00 AM ET,"12250 CR 675 PARRISH, FL- 34219","$311,851.38","$319,973.00","$311,851.38",464511005
2026-06-05T03:17:45,NEW,412024CA001308CAAXMA,06/17/2026 11:00 AM ET,"2207 12TH ST W BRADENTON, FL- 34205","$198,178.88","$50,165.00","$198,178.88",4483200004
2026-06-05T03:17:45,NEW,412025CA001677CAAXMA,06/17/2026 11:00 AM ET,"11532 52ND CT E PARRISH, FL- 34219","$183,025.33","$246,281.00","$183,025.33",470940559
2026-06-05T03:17:45,NEW,412025CA001181CAAXMA,07/01/2026 11:00 AM ET,"2400 MIGUEL BAY DR TERRA CEIA, FL- 34221","$1,377,358.23","$1,929,128.00","$1,377,358.23",2140705456
2026-06-05T03:17:45,NEW,412025CA002646CAAXMA,07/29/2026 11:00 AM ET,"4803 HARVEST GROVE PL PARRISH, FL- 34219","$312,992.01","$364,696.00","$312,992.01",474760309
2026-06-08T03:17:54,NEW,412023CA005064CAAXMA,07/01/2026 11:00 AM ET,"4754 MAINSAIL DR BRADENTON, FL- 34208",$0.00,"$691,079.00","$1,519,358.22",Property
2026-06-08T03:17:54,CLOSED,412025CA000437CAAXMA,07/01/2026 11:00 AM ET,"4754 MAINSAIL DR BRADENTON, FL- 34208","$1,519,358.22","$691,079.00","$1,519,358.22",1076001719
2026-06-08T03:17:54,CLOSED,412025CC003035CCAXMA,07/07/2026 11:00 AM ET,"6009 AMBERLY DR BRADENTON, FL- 34208","$10,032.06","$320,757.00","$10,032.06",1424521609
2026-06-09T03:18:09,NEW,412026CA000094CAAXMA,07/07/2026 11:00 AM ET,"917 17TH ST W BRADENTON, FL- 34205","$278,313.27","$281,473.00","$278,313.27",4380700007
2026-06-09T03:18:09,NEW,412025CA000932CAAXMA,08/05/2026 11:00 AM ET,"1801 GULF DR N UNIT 216 BRADENTON BEACH, FL- 34217",$0.00,"$157,021.00","$541,356.91",Property
2026-06-09T03:18:09,NEW,412025CA002881CAAXMA,08/05/2026 11:00 AM ET,"6805 22ND AVE W BRADENTON, FL- 34209","$193,132.98","$132,685.00","$193,132.98",3938613050
2026-06-09T03:18:09,NEW,412025CA001812CAAXMA,08/12/2026 11:00 AM ET,"17625 CANTARINA CV BRADENTON, FL- 34211","$688,389.64","$481,384.00","$688,389.64",581117559
2026-06-09T03:18:09,CLOSED,412015CA002051CAAXMA,06/09/2026 11:00 AM ET,"1711 17TH ST W PALMETTO, FL- 34221","$747,978.85","$625,361.00",Hidden,2800600005
2026-06-09T03:18:09,CLOSED,412023CA004171CAAXMA,06/10/2026 11:00 AM ET,"6006 66TH STREET CIR E PALMETTO, FL- 34221","$190,601.31","$283,181.00","$190,601.31",662401553
2026-06-09T03:18:09,CLOSED,412025CA001670CAAXMA,08/05/2026 11:00 AM ET,"1801 GULF DR N UNIT 216 BRADENTON BEACH, FL- 34217","$541,356.91","$157,021.00","$541,356.91",7693310000
2026-06-10T03:18:13,NEW,412025CC003179CCAXMA,06/25/2026 11:00 AM ET,"7280 83RD DR E BRADENTON, FL- 34201","$12,219.09","$250,750.00","$12,219.09",2054122659
2026-06-10T03:18:13,CLOSED,412025CA000597CAAXMA,06/09/2026 11:00 AM ET,"2309 64TH ST W BRADENTON, FL- 34209","$411,160.62","$452,372.00","$411,160.62",3938601808
2026-06-11T03:18:01,CLOSED,412025CA001281CAAXMA,06/10/2026 11:00 AM ET,"2705 SOUTHERN PKWY W BRADENTON, FL- 34205","$811,699.88","$172,199.00",Hidden,4991300007
2026-06-11T03:18:01,CLOSED,412026CA000141CAAXMA,06/10/2026 11:00 AM ET,"904 CYPRESS WOOD LN SARASOTA, FL- 34243","$155,000.00","$80,750.00",Hidden,6650212100
2026-06-12T03:18:02,NEW,412024CA000409CAAXMA,06/24/2026 11:00 AM ET,"12220 SR 62 PARRISH, FL- 34219","$257,472.47","$353,521.00","$327,813.29",Property
2026-06-12T03:18:02,CLOSED,412024CA001288CAAXMA,06/17/2026 11:00 AM ET,"12250 CR 675 PARRISH, FL- 34219","$311,851.38","$319,973.00","$311,851.38",464511005
2026-06-12T03:18:02,CLOSED,412025CA002166CAAXMA,06/24/2026 11:00 AM ET,"2813 EDGEWOOD DR PARRISH, FL- 34219","$327,813.29","$353,521.00","$327,813.29",512936809
2026-06-12T03:18:02,CLOSED,412025CC002885CCAXMA,07/28/2026 11:00 AM ET,"4581 35TH AVENUE CIR E PALMETTO, FL- 34221","$14,074.32","$140,688.00","$14,074.32",747500659
2026-06-15T03:18:16,NEW,412025CC002885CCAXMA,08/04/2026 11:00 AM ET,"4581 35TH AVENUE CIR E PALMETTO, FL- 34221","$14,074.32","$140,688.00","$14,074.32",747500659
2026-06-16T03:18:09,NEW,412018CA006069CAAXMA,07/15/2026 11:00 AM ET,"2407 18TH ST E BRADENTON, FL- 34208",$0.00,"$221,034.00","$316,959.82",Property
2026-06-16T03:18:09,NEW,412025CA002616CAAXMA,08/06/2026 11:00 AM ET,"10004 CORTEZ RD W APT 106 BRADENTON, FL- 34210","$216,445.23","$159,375.00","$216,445.23",7503500352
2026-06-16T03:18:09,CLOSED,412025CA002413CAAXMA,07/15/2026 11:00 AM ET,"2407 18TH ST E BRADENTON, FL- 34208","$316,959.82","$221,034.00","$316,959.82",1384402754
2026-06-17T03:18:17,NEW,412025CA002166CAAXMA,06/24/2026 11:00 AM ET,"2813 EDGEWOOD DR PARRISH, FL- 34219","$327,813.29","$353,521.00","$327,813.29",512936809
2026-06-17T03:18:17,NEW,412024CA001322CAAXMA,07/08/2026 11:00 AM ET,"4422 20TH ST W BRADENTON, FL- 34207","$342,937.44","$238,051.00","$342,937.44",5196500002
2026-06-17T03:18:17,NEW,412018CA005016CAAXMA,07/15/2026 11:00 AM ET,"2407 18TH ST E BRADENTON, FL- 34208",$0.00,"$221,034.00","$316,959.82",Property
2026-06-17T03:18:17,NEW,412025CA001670CAAXMA,08/05/2026 11:00 AM ET,"1801 GULF DR N UNIT 216 BRADENTON BEACH, FL- 34217","$541,356.91","$157,021.00","$541,356.91",7693310000
2026-06-17T03:18:17,CLOSED,412024CA000409CAAXMA,06/24/2026 11:00 AM ET,"12220 SR 62 PARRISH, FL- 34219","$257,472.47","$353,521.00","$327,813.29",Property
2026-06-17T03:18:17,CLOSED,412018CA006069CAAXMA,07/15/2026 11:00 AM ET,"2407 18TH ST E BRADENTON, FL- 34208",$0.00,"$221,034.00","$316,959.82",Property
2026-06-18T03:18:10,NEW,412025CA002413CAAXMA,07/15/2026 11:00 AM ET,"2407 18TH ST E BRADENTON, FL- 34208","$316,959.82","$221,034.00","$316,959.82",1384402754
2026-06-18T03:18:10,CLOSED,412024CA000928CAAXMA,06/17/2026 11:00 AM ET,"5884 17TH ST W UNIT C21 BRADENTON, FL- 34207","$14,082.03","$67,270.00","$14,082.03",5950900000
2026-06-18T03:18:10,CLOSED,412024CA001308CAAXMA,06/17/2026 11:00 AM ET,"2207 12TH ST W BRADENTON, FL- 34205","$198,178.88","$50,165.00","$58,140.00",4483200004
2026-06-18T03:18:10,CLOSED,412025CA001677CAAXMA,06/17/2026 11:00 AM ET,"11532 52ND CT E PARRISH, FL- 34219","$183,025.33","$246,281.00","$139,200.00",470940559
2026-06-23T03:18:10,NEW,412024CA000296CAAXMA,07/15/2026 11:00 AM ET,"226 CAPE HARBOUR LOOP UNIT 101 BRADENTON, FL- 34212","$198,665.24","$136,819.00","$198,665.24",1102410859
2026-06-24T03:18:11,NEW,412018CA006069CAAXMA,07/15/2026 11:00 AM ET,"218 3RD AVE E BRADENTON, FL- 34208","$410,000.68","$175,883.00","$410,000.68",3158600001
2026-06-24T03:18:11,CLOSED,412025CC004482CCAXMA,06/23/2026 11:00 AM ET,"6802 ARBOR OAKS DR BRADENTON, FL- 34209","$21,380.93","$366,336.00","$21,380.93",3918501051
2026-06-25T03:18:13,NEW,412023CA005803CAAXMA,07/22/2026 11:00 AM ET,"6205 FAIRMONT LN PALMETTO, FL- 34221","$14,772.72","$221,543.00","$14,772.72",612132959
2026-06-25T03:18:13,NEW,412025CA001253CAAXMA,08/05/2026 11:00 AM ET,"1801 GULF DR N UNIT 216 BRADENTON BEACH, FL- 34217",$0.00,"$157,021.00","$541,356.91",Property
2026-06-25T03:18:13,CLOSED,412016CA000235CAAXMA,06/24/2026 11:00 AM ET,"914 27TH ST E BRADENTON, FL- 34208","$533,797.88","$355,533.00",Hidden,1353900853
2026-06-25T03:18:13,CLOSED,412025CC004581CCAXMA,06/24/2026 11:00 AM ET,"3594 LAKE BAYSHORE DR # K218 BRADENTON, FL- 34205","$32,759.44","$90,100.00","$35,799.47",5057620493
2026-06-25T03:18:13,CLOSED,412025CA001670CAAXMA,08/05/2026 11:00 AM ET,"1801 GULF DR N UNIT 216 BRADENTON BEACH, FL- 34217","$541,356.91","$157,021.00","$541,356.91",7693310000
2026-06-26T03:15:11,CLOSED,412025CC003179CCAXMA,06/25/2026 11:00 AM ET,"7280 83RD DR E BRADENTON, FL- 34201","$12,219.09","$250,750.00","$13,460.39",2054122659
2026-06-26T03:15:11,CLOSED,412023CA005064CAAXMA,07/01/2026 11:00 AM ET,"1415 45TH AVENUE CIR W BRADENTON, FL- 34207","$144,835.85","$42,403.00","$126,075.00",5397800003
2026-06-26T03:15:11,CLOSED,412025CA001181CAAXMA,07/01/2026 11:00 AM ET,"2400 MIGUEL BAY DR TERRA CEIA, FL- 34221","$1,377,358.23","$1,929,128.00","$1,377,358.23",2140705456
2026-06-26T03:15:11,CLOSED,412025CA001790CAAXMA,07/01/2026 11:00 AM ET,"4708 PARK ACRES DR BRADENTON, FL- 34207","$412,899.68","$259,625.00","$366,908.04",MULTIPLE
2026-06-26T03:15:11,CLOSED,412026CA000186CAAXMA,07/01/2026 11:00 AM ET,"3715 75TH DR E SARASOTA, FL- 34243","$227,199.75","$267,434.00","$227,199.75",1975110550
2026-06-26T03:15:11,CLOSED,412026CA000094CAAXMA,07/07/2026 11:00 AM ET,"917 17TH ST W BRADENTON, FL- 34205","$278,313.27","$281,473.00","$278,313.27",4380700007
2026-06-26T03:15:11,CLOSED,412024CA001322CAAXMA,07/08/2026 11:00 AM ET,"4422 20TH ST W BRADENTON, FL- 34207","$342,937.44","$238,051.00","$342,937.44",5196500002
2026-06-26T03:15:11,CLOSED,412018CA005016CAAXMA,07/15/2026 11:00 AM ET,"8452 LINDRICK LN BRADENTON, FL- 34202","$5,138,711.62","$1,748,826.00","$303,234.78",331942909
2026-06-26T03:15:11,CLOSED,412018CA006069CAAXMA,07/15/2026 11:00 AM ET,"218 3RD AVE E BRADENTON, FL- 34208","$410,000.68","$175,883.00","$410,000.68",3158600001
2026-06-26T03:15:11,CLOSED,412024CA000296CAAXMA,07/15/2026 11:00 AM ET,"226 CAPE HARBOUR LOOP UNIT 101 BRADENTON, FL- 34212","$198,665.24","$136,819.00","$198,665.24",1102410859
2026-06-26T03:15:11,CLOSED,412025CA002413CAAXMA,07/15/2026 11:00 AM ET,"2407 18TH ST E BRADENTON, FL- 34208","$316,959.82","$221,034.00","$316,959.82",1384402754
2026-06-26T03:15:11,CLOSED,412025CC003495CCAXMA,07/16/2026 11:00 AM ET,"7706 US OPEN LOOP LAKEWOOD RANCH, FL- 34202","$13,008.40","$546,310.00","$13,008.40",588433805
2026-06-26T03:15:11,CLOSED,412023CA005803CAAXMA,07/22/2026 11:00 AM ET,"6205 FAIRMONT LN PALMETTO, FL- 34221","$14,772.72","$221,543.00","$14,772.72",612132959
2026-06-26T03:15:11,CLOSED,412023CA006592CAAXMA,07/22/2026 11:00 AM ET,"714 MAGELLAN DR SARASOTA, FL- 34243","$279,670.59","$314,118.00","$14,074.32",6589100004
2026-06-26T03:15:11,CLOSED,412025CA000729CAAXMA,07/29/2026 11:00 AM ET,"323 158TH ST E BRADENTON, FL- 34212","$554,236.93","$452,485.00","$554,236.93",561620309
2026-06-26T03:15:11,CLOSED,412025CA002166CAAXMA,07/29/2026 11:00 AM ET,"2813 EDGEWOOD DR PARRISH, FL- 34219","$327,813.29","$353,521.00","$327,813.29",512936809
2026-06-26T03:15:11,CLOSED,412025CA002251CAAXMA,07/29/2026 11:00 AM ET,"1004 72ND ST NW BRADENTON, FL- 34209","$183,656.10","$171,855.00","$183,656.10",3035900301
2026-06-26T03:15:11,CLOSED,412025CA002646CAAXMA,07/29/2026 11:00 AM ET,"4803 HARVEST GROVE PL PARRISH, FL- 34219","$312,992.01","$364,696.00","$312,992.01",474760309
2026-06-26T03:15:11,CLOSED,412025CC002885CCAXMA,08/04/2026 11:00 AM ET,"4581 35TH AVENUE CIR E PALMETTO, FL- 34221","$14,074.32","$140,688.00","$14,074.32",747500659
2026-06-26T03:15:11,CLOSED,412024CA000165CAAXMA,08/05/2026 11:00 AM ET,"4719 61ST AVENUE TER W BRADENTON, FL- 34210","$661,290.40","$476,000.00","$661,290.40",6147303454
2026-06-26T03:15:11,CLOSED,412025CA000932CAAXMA,08/05/2026 11:00 AM ET,"16618 BERWICK TER BRADENTON, FL- 34202","$1,052,082.22","$1,259,644.00","$1,052,082.22",586320459
2026-06-26T03:15:11,CLOSED,412025CA001253CAAXMA,08/05/2026 11:00 AM ET,"1801 GULF DR N UNIT 216 BRADENTON BEACH, FL- 34217",$0.00,"$157,021.00","$541,356.91",Property
2026-06-26T03:15:11,CLOSED,412025CA002295CAAXMA,08/05/2026 11:00 AM ET,"1009 6TH ST W BRADENTON, FL- 34205","$200,993.12","$47,487.00","$200,993.12",4324500000
2026-06-26T03:15:11,CLOSED,412025CA002881CAAXMA,08/05/2026 11:00 AM ET,"6805 22ND AVE W BRADENTON, FL- 34209","$193,132.98","$132,685.00","$193,132.98",3938613050
2026-06-26T03:15:11,CLOSED,412025CA002616CAAXMA,08/06/2026 11:00 AM ET,"10004 CORTEZ RD W APT 106 BRADENTON, FL- 34210","$216,445.23","$159,375.00","$216,445.23",7503500352
2026-06-26T03:15:11,CLOSED,412025CC004086CCAXMA,08/11/2026 11:00 AM ET,"14308 SUNDIAL PL LAKEWOOD RANCH, FL- 34202","$6,265.81","$340,656.00","$6,265.81",584363009
2026-06-26T03:15:11,CLOSED,412025CA001812CAAXMA,08/12/2026 11:00 AM ET,"17625 CANTARINA CV BRADENTON, FL- 34211","$688,389.64","$481,384.00","$688,389.64",581117559
2026-06-26T03:15:11,CLOSED,412025CA002772CAAXMA,08/26/2026 11:00 AM ET,"4016 KINGSFIELD DR PARRISH, FL- 34219","$512,377.26","$377,425.00","$512,377.26",503604357
2026-06-26T03:15:11,CLOSED,412025CA001955CAAXMA,09/02/2026 11:00 AM ET,"2400 3RD ST E BRADENTON, FL- 34208","$127,920.38","$71,519.00","$127,920.38",4640300002
2026-06-26T03:15:11,CLOSED,412025CA000855CAAXMA,09/09/2026 11:00 AM ET,"4746 PINNACLE DR BRADENTON, FL- 34208","$238,014.48","$652,660.00","$238,014.48",1074501859
2026-06-26T03:15:11,CLOSED,412025CA001265CAAXMA,09/23/2026 11:00 AM ET,"2008 27TH AVE W BRADENTON, FL- 34205","$334,853.55","$279,292.00","$334,853.55",4930100005
2026-07-01T03:17:57,NEW,412023CA005064CAAXMA,07/01/2026 11:00 AM ET,"1415 45TH AVENUE CIR W BRADENTON, FL- 34207","$144,835.85","$42,403.00","$126,075.00",5397800003
2026-07-01T03:17:57,NEW,412025CA001181CAAXMA,07/01/2026 11:00 AM ET,"2400 MIGUEL BAY DR TERRA CEIA, FL- 34221","$1,377,358.23","$1,929,128.00",Hidden,2140705456
2026-07-01T03:17:57,NEW,412025CA001790CAAXMA,07/01/2026 11:00 AM ET,"4708 PARK ACRES DR BRADENTON, FL- 34207","$412,899.68","$259,625.00","$204,600.00",MULTIPLE
2026-07-01T03:17:57,NEW,412026CA000094CAAXMA,07/07/2026 11:00 AM ET,"917 17TH ST W BRADENTON, FL- 34205","$278,313.27","$281,473.00","$278,313.27",4380700007
2026-07-01T03:17:57,NEW,412024CA001322CAAXMA,07/08/2026 11:00 AM ET,"4422 20TH ST W BRADENTON, FL- 34207","$342,937.44","$238,051.00","$342,937.44",5196500002
2026-07-01T03:17:57,NEW,412018CA005016CAAXMA,07/15/2026 11:00 AM ET,"8452 LINDRICK LN BRADENTON, FL- 34202","$5,138,711.62","$1,748,826.00","$303,234.78",331942909
2026-07-01T03:17:57,NEW,412018CA006069CAAXMA,07/15/2026 11:00 AM ET,"218 3RD AVE E BRADENTON, FL- 34208","$410,000.68","$175,883.00","$410,000.68",3158600001
2026-07-01T03:17:57,NEW,412024CA000296CAAXMA,07/15/2026 11:00 AM ET,"226 CAPE HARBOUR LOOP UNIT 101 BRADENTON, FL- 34212","$198,665.24","$136,819.00","$198,665.24",1102410859
2026-07-01T03:17:57,NEW,412025CA002413CAAXMA,07/15/2026 11:00 AM ET,"2407 18TH ST E BRADENTON, FL- 34208","$316,959.82","$221,034.00","$316,959.82",1384402754
2026-07-01T03:17:57,NEW,412026CA000222CAAXMA,07/15/2026 11:00 AM ET,"5011 LEON DR PALMETTO, FL- 34221","$163,017.47","$177,627.00","$163,017.47",724915053
2026-07-01T03:17:57,NEW,412025CC003495CCAXMA,07/16/2026 11:00 AM ET,"7706 US OPEN LOOP LAKEWOOD RANCH, FL- 34202","$13,008.40","$546,310.00","$13,008.40",588433805
2026-07-01T03:17:57,NEW,412023CA005803CAAXMA,07/22/2026 11:00 AM ET,"6205 FAIRMONT LN PALMETTO, FL- 34221","$14,772.72","$221,543.00","$14,772.72",612132959
2026-07-01T03:17:57,NEW,412023CA006592CAAXMA,07/22/2026 11:00 AM ET,"714 MAGELLAN DR SARASOTA, FL- 34243","$279,670.59","$314,118.00","$14,074.32",6589100004
2026-07-01T03:17:57,NEW,412024CA001248CAAXMA,07/22/2026 11:00 AM ET,"9905 ROYAL LYTHAM AVE BRADENTON, FL- 34202","$411,303.42","$348,856.00","$411,303.42",587630757
2026-07-01T03:17:57,NEW,412025CA000729CAAXMA,07/29/2026 11:00 AM ET,"323 158TH ST E BRADENTON, FL- 34212","$554,236.93","$452,485.00","$554,236.93",561620309
2026-07-01T03:17:57,NEW,412025CA002166CAAXMA,07/29/2026 11:00 AM ET,"2813 EDGEWOOD DR PARRISH, FL- 34219","$327,813.29","$353,521.00","$327,813.29",512936809
2026-07-01T03:17:57,NEW,412025CA002251CAAXMA,07/29/2026 11:00 AM ET,"1004 72ND ST NW BRADENTON, FL- 34209","$183,656.10","$171,855.00","$183,656.10",3035900301
2026-07-01T03:17:57,NEW,412025CA002646CAAXMA,07/29/2026 11:00 AM ET,"4803 HARVEST GROVE PL PARRISH, FL- 34219","$312,992.01","$364,696.00","$312,992.01",474760309
2026-07-01T03:17:57,NEW,412024CA000165CAAXMA,08/05/2026 11:00 AM ET,"4719 61ST AVENUE TER W BRADENTON, FL- 34210","$661,290.40","$476,000.00","$661,290.40",6147303454
2026-07-01T03:17:57,NEW,412025CA000932CAAXMA,08/05/2026 11:00 AM ET,"16618 BERWICK TER BRADENTON, FL- 34202","$1,052,082.22","$1,259,644.00","$1,052,082.22",586320459
2026-07-01T03:17:57,NEW,412025CA001253CAAXMA,08/05/2026 11:00 AM ET,"1801 GULF DR N UNIT 216 BRADENTON BEACH, FL- 34217",$0.00,"$157,021.00","$541,356.91",Property
2026-07-01T03:17:57,NEW,412025CA002295CAAXMA,08/05/2026 11:00 AM ET,"1009 6TH ST W BRADENTON, FL- 34205","$200,993.12","$47,487.00","$200,993.12",4324500000
2026-07-01T03:17:57,NEW,412025CA002881CAAXMA,08/05/2026 11:00 AM ET,"6805 22ND AVE W BRADENTON, FL- 34209","$193,132.98","$132,685.00","$193,132.98",3938613050
2026-07-01T03:17:57,NEW,412024CA001563CAAXMA,08/06/2026 11:00 AM ET,"6500 FLOTILLA DR UNIT 112 HOLMES BEACH, FL- 34217","$37,203.71","$278,490.00","$37,203.71",7303903509
2026-07-01T03:17:57,NEW,412025CA002616CAAXMA,08/06/2026 11:00 AM ET,"10004 CORTEZ RD W APT 106 BRADENTON, FL- 34210","$216,445.23","$159,375.00","$216,445.23",7503500352
2026-07-01T03:17:57,NEW,412025CC004086CCAXMA,08/11/2026 11:00 AM ET,"14308 SUNDIAL PL LAKEWOOD RANCH, FL- 34202","$6,265.81","$340,656.00","$6,265.81",584363009
2026-07-01T03:17:57,NEW,412025CA001812CAAXMA,08/12/2026 11:00 AM ET,"17625 CANTARINA CV BRADENTON, FL- 34211","$688,389.64","$481,384.00","$688,389.64",581117559
2026-07-01T03:17:57,NEW,412025CA000375CAAXMA,08/18/2026 11:00 AM ET,"5626 28TH ST W BRADENTON, FL- 34207","$317,211.21","$87,746.00","$317,211.21",6104100000
2026-07-01T03:17:57,NEW,412025CA002772CAAXMA,08/26/2026 11:00 AM ET,"4016 KINGSFIELD DR PARRISH, FL- 34219","$512,377.26","$377,425.00","$512,377.26",503604357
2026-07-01T03:17:57,NEW,412025CA002950CAAXMA,08/26/2026 11:00 AM ET,"2207 38TH AVE E BRADENTON, FL- 34208",$0.00,"$184,613.00","$250,125.80",Property
2026-07-01T03:17:57,NEW,412025CA001955CAAXMA,09/02/2026 11:00 AM ET,"2400 3RD ST E BRADENTON, FL- 34208","$127,920.38","$71,519.00","$127,920.38",4640300002
2026-07-01T03:17:57,NEW,412025CA000855CAAXMA,09/09/2026 11:00 AM ET,"4746 PINNACLE DR BRADENTON, FL- 34208","$238,014.48","$652,660.00","$238,014.48",1074501859
2026-07-01T03:17:57,NEW,412025CA001265CAAXMA,09/23/2026 11:00 AM ET,"2008 27TH AVE W BRADENTON, FL- 34205","$334,853.55","$279,292.00","$334,853.55",4930100005
2026-07-01T03:17:57,NEW,412023CA005502CAAXMA,10/01/2026 11:00 AM ET,"5143 CREEKSIDE TRL SARASOTA, FL- 34243","$317,849.39","$223,074.00","$317,849.39",1878813809
2026-07-02T03:18:09,NEW,412025CA002070CAAXMA,08/26/2026 11:00 AM ET,"4016 KINGSFIELD DR PARRISH, FL- 34219",$0.00,"$377,425.00","$512,377.26",Property
2026-07-02T03:18:09,CLOSED,412023CA005064CAAXMA,07/01/2026 11:00 AM ET,"1415 45TH AVENUE CIR W BRADENTON, FL- 34207","$144,835.85","$42,403.00","$126,075.00",5397800003
2026-07-02T03:18:09,CLOSED,412025CA001181CAAXMA,07/01/2026 11:00 AM ET,"2400 MIGUEL BAY DR TERRA CEIA, FL- 34221","$1,377,358.23","$1,929,128.00",Hidden,2140705456
2026-07-02T03:18:09,CLOSED,412025CA001790CAAXMA,07/01/2026 11:00 AM ET,"4708 PARK ACRES DR BRADENTON, FL- 34207","$412,899.68","$259,625.00","$204,600.00",MULTIPLE
2026-07-02T03:18:09,CLOSED,412025CA002251CAAXMA,07/29/2026 11:00 AM ET,"1004 72ND ST NW BRADENTON, FL- 34209","$183,656.10","$171,855.00","$183,656.10",3035900301
2026-07-02T03:18:09,CLOSED,412025CA002772CAAXMA,08/26/2026 11:00 AM ET,"4016 KINGSFIELD DR PARRISH, FL- 34219","$512,377.26","$377,425.00","$512,377.26",503604357
2026-07-03T03:19:02,NEW,412026CC000058CCAXMA,07/28/2026 11:00 AM ET,"3604 LAKE BAYSHORE DR # K223 BRADENTON, FL- 34205","$46,026.96","$118,150.00","$46,026.96",5057620543
2026-07-03T03:19:02,NEW,412025CA002937CAAXMA,07/29/2026 11:00 AM ET,"5812 16TH ST W BRADENTON, FL- 34207","$247,782.71","$250,918.00","$247,782.71",5976900000
2026-07-03T03:19:02,NEW,412025CA001670CAAXMA,08/05/2026 11:00 AM ET,"1801 GULF DR N UNIT 216 BRADENTON BEACH, FL- 34217","$541,356.91","$157,021.00","$541,356.91",7693310000
2026-07-03T03:19:02,NEW,412025CA001735CAAXMA,08/05/2026 11:00 AM ET,"1009 6TH ST W BRADENTON, FL- 34205",$0.00,"$47,487.00","$200,993.12",Property
2026-07-03T03:19:02,NEW,412026CA000001CAAXMA,08/12/2026 11:00 AM ET,"6361 FAIRMONT LN PALMETTO, FL- 34221","$304,638.73","$222,319.00","$304,638.73",612134609
2026-07-03T03:19:02,CLOSED,412025CA002295CAAXMA,08/05/2026 11:00 AM ET,"1009 6TH ST W BRADENTON, FL- 34205","$200,993.12","$47,487.00","$200,993.12",4324500000
2026-07-06T03:18:56,CLOSED,412023CA005803CAAXMA,07/22/2026 11:00 AM ET,"6205 FAIRMONT LN PALMETTO, FL- 34221","$14,772.72","$221,543.00","$14,772.72",612132959
2026-07-06T03:18:56,CLOSED,412023CA006592CAAXMA,07/22/2026 11:00 AM ET,"714 MAGELLAN DR SARASOTA, FL- 34243","$279,670.59","$314,118.00","$14,074.32",6589100004
2026-07-06T03:18:56,CLOSED,412024CA001248CAAXMA,07/22/2026 11:00 AM ET,"9905 ROYAL LYTHAM AVE BRADENTON, FL- 34202","$411,303.42","$348,856.00","$411,303.42",587630757
2026-07-07T03:19:05,NEW,412023CA005803CAAXMA,07/22/2026 11:00 AM ET,"6205 FAIRMONT LN PALMETTO, FL- 34221","$14,772.72","$221,543.00","$14,772.72",612132959
2026-07-07T03:19:05,NEW,412023CA006592CAAXMA,07/22/2026 11:00 AM ET,"714 MAGELLAN DR SARASOTA, FL- 34243","$279,670.59","$314,118.00","$14,074.32",6589100004
2026-07-07T03:19:05,NEW,412024CA001248CAAXMA,07/22/2026 11:00 AM ET,"9905 ROYAL LYTHAM AVE BRADENTON, FL- 34202","$411,303.42","$348,856.00","$411,303.42",587630757
2026-07-07T03:19:05,NEW,412023CA004855CAAXMA,07/29/2026 11:00 AM ET,"323 158TH ST E BRADENTON, FL- 34212",$0.00,"$452,485.00","$554,236.93",Property
2026-07-07T03:19:05,NEW,412025CA002772CAAXMA,08/26/2026 11:00 AM ET,"4016 KINGSFIELD DR PARRISH, FL- 34219","$512,377.26","$377,425.00","$512,377.26",503604357
2026-07-07T03:19:05,NEW,412026CA000147CAAXMA,08/26/2026 11:00 AM ET,"2207 38TH AVE E BRADENTON, FL- 34208","$250,125.80","$184,613.00","$250,125.80",1635800004
2026-07-07T03:19:05,NEW,412026CA000035CAAXMA,08/27/2026 11:00 AM ET,"231 HERITAGE PRESERVE RUN BRADENTON, FL- 34212","$599,909.74","$459,998.00","$599,909.74",1101818209
2026-07-07T03:19:05,NEW,412025CC000720CCAXMA,09/22/2026 11:00 AM ET,"7150 NORTH TAMIAMI TRL UNIT S- SARASOTA, FL- 34243","$17,571.74","$97,750.00","$17,571.74",6697107609
2026-07-07T03:19:05,NEW,412025CA000884CAAXMA,10/14/2026 11:00 AM ET,"6031 DARTMOUTH DR BRADENTON, FL- 34207-4728",$0.00,"$195,095.00",$0.00,5956100001
2026-07-07T03:19:05,NEW,412025CC002885CCAXMA,10/28/2026 11:00 AM ET,"4581 35TH AVENUE CIR E PALMETTO, FL- 34221","$14,074.32","$140,688.00","$14,074.32",747500659
2026-07-07T03:19:05,CLOSED,412025CA000729CAAXMA,07/29/2026 11:00 AM ET,"323 158TH ST E BRADENTON, FL- 34212","$554,236.93","$452,485.00","$554,236.93",561620309
2026-07-08T03:18:56,NEW,412025CA000729CAAXMA,07/29/2026 11:00 AM ET,"323 158TH ST E BRADENTON, FL- 34212","$554,236.93","$452,485.00","$554,236.93",561620309
2026-07-08T03:18:56,NEW,412025CA002931CAAXMA,08/04/2026 11:00 AM ET,"2908 58TH WAY E PALMETTO, FL- 34221","$11,110.22","$328,571.00","$11,110.22",710300609
2026-07-08T03:18:56,NEW,412025CA002572CAAXMA,08/19/2026 11:00 AM ET,"307 43RD STREET BLVD E BRADENTON, FL- 34208","$185,724.42","$247,768.00","$185,724.42",1045000005
2026-07-08T03:18:56,NEW,412025CA002378CAAXMA,09/02/2026 11:00 AM ET,"2813 EDGEWOOD DR PARRISH, FL- 34219","$387,275.58","$353,521.00","$387,275.58",512936809
2026-07-08T03:18:56,CLOSED,412026CA000094CAAXMA,07/07/2026 11:00 AM ET,"917 17TH ST W BRADENTON, FL- 34205","$278,313.27","$281,473.00","$243,745.00",4380700007
2026-07-09T03:19:56,NEW,412026CA000403CAAXMA,09/02/2026 11:00 AM ET,"8220 ABALONE LOOP PARRISH, FL- 34219","$502,141.01","$352,047.00","$502,141.01",606208859
2026-07-09T03:19:56,NEW,412025CC003738CCAXMA,09/15/2026 11:00 AM ET,"7121 RIVER HAMMOCK DR UNIT 107 BRADENTON, FL- 34212","$15,417.28","$221,000.00","$15,417.28",1101826359
2026-07-09T03:19:56,NEW,412026CC000619CCAXMA,09/15/2026 11:00 AM ET,"6891 74TH STREET CIR E BRADENTON, FL- 34203","$6,072.66","$311,265.00","$6,072.66",1901319859
2026-07-09T03:19:56,NEW,412024CA001278CAAXMA,09/30/2026 11:00 AM ET,"11219 MARIGOLD DR LAKEWOOD RANCH, FL- 34202","$1,147,652.33","$466,131.00","$1,147,652.33",584117352
2026-07-09T03:19:56,NEW,412025CA002791CAAXMA,10/07/2026 11:00 AM ET,"9305 46TH CT E PARRISH, FL- 34219","$442,854.97","$386,656.00","$442,854.97",740503009
2026-07-09T03:19:56,CLOSED,412024CA001322CAAXMA,07/08/2026 11:00 AM ET,"4422 20TH ST W BRADENTON, FL- 34207","$342,937.44","$238,051.00",Hidden,5196500002
2026-07-10T03:18:59,NEW,412025CA000662CAAXMA,08/05/2026 11:00 AM ET,"16618 BERWICK TER BRADENTON, FL- 34202",$0.00,"$1,259,644.00","$1,052,082.22",Property
2026-07-10T03:18:59,NEW,412025CA000437CAAXMA,08/19/2026 11:00 AM ET,"307 43RD STREET BLVD E BRADENTON, FL- 34208",$0.00,"$247,768.00","$185,724.42",Property
2026-07-10T03:18:59,CLOSED,412025CA000932CAAXMA,08/05/2026 11:00 AM ET,"16618 BERWICK TER BRADENTON, FL- 34202","$1,052,082.22","$1,259,644.00","$1,052,082.22",586320459
2026-07-10T03:18:59,CLOSED,412025CA002572CAAXMA,08/19/2026 11:00 AM ET,"307 43RD STREET BLVD E BRADENTON, FL- 34208","$185,724.42","$247,768.00","$185,724.42",1045000005
2026-07-13T03:19:02,CLOSED,412018CA006069CAAXMA,07/15/2026 11:00 AM ET,"218 3RD AVE E BRADENTON, FL- 34208","$410,000.68","$175,883.00","$410,000.68",3158600001
2026-07-14T03:19:23,NEW,412025CC003230CCAXMA,07/14/2026 11:00 AM ET,"2229 50TH STREET CIR E PALMETTO, FL- 34221","$19,471.21","$344,634.00","$19,471.21",705205609
2026-07-14T03:19:23,NEW,412025CA000932CAAXMA,08/05/2026 11:00 AM ET,"16618 BERWICK TER BRADENTON, FL- 34202","$1,052,082.22","$1,259,644.00","$1,052,082.22",586320459
2026-07-14T03:19:23,NEW,412025CA002572CAAXMA,08/19/2026 11:00 AM ET,"307 43RD STREET BLVD E BRADENTON, FL- 34208","$185,724.42","$247,768.00","$185,724.42",1045000005
2026-07-14T03:19:23,NEW,412025CA002688CAAXMA,08/19/2026 11:00 AM ET,"5438 TRIPOLI DR PALMETTO, FL- 34221","$390,366.75","$266,973.00","$390,366.75",718031109
2026-07-14T03:19:23,NEW,412025CA002974CAAXMA,08/19/2026 11:00 AM ET,"10416 SPOONBILL RD W BRADENTON, FL- 34209","$39,193.28","$742,223.00","$39,193.28",7349800008
2026-07-14T03:19:23,NEW,412025CA002407CAAXMA,09/02/2026 11:00 AM ET,"8220 ABALONE LOOP PARRISH, FL- 34219",$0.00,"$352,047.00","$502,141.01",Property
2026-07-14T03:19:23,NEW,412024CA000222CAAXMA,09/08/2026 11:00 AM ET,"808 35TH AVENUE DR W PALMETTO, FL- 34221","$191,113.57","$329,742.00","$191,113.57",2968800108
2026-07-14T03:19:23,NEW,412025CA002328CAAXMA,09/08/2026 11:00 AM ET,"924 70TH STREET COURT EAST PALMETTO, FL- 34221","$18,055.88","$311,265.00","$355,348.09",Property
2026-07-14T03:19:23,NEW,412025CA001396CAAXMA,09/09/2026 11:00 AM ET,"6891 74TH STREET CIR E BRADENTON, FL- 34203","$355,348.09","$311,265.00","$355,348.09",1901319859
2026-07-14T03:19:23,NEW,412025CA001697CAAXMA,10/07/2026 11:00 AM ET,"9305 46TH CT E PARRISH, FL- 34219",$0.00,"$386,656.00","$442,854.97",Property
2026-07-14T03:19:23,CLOSED,412026CA000403CAAXMA,09/02/2026 11:00 AM ET,"8220 ABALONE LOOP PARRISH, FL- 34219","$502,141.01","$352,047.00","$502,141.01",606208859
2026-07-14T03:19:23,CLOSED,412025CA002791CAAXMA,10/07/2026 11:00 AM ET,"9305 46TH CT E PARRISH, FL- 34219","$442,854.97","$386,656.00","$442,854.97",740503009
2026-07-15T03:19:23,NEW,412026CA000403CAAXMA,09/02/2026 11:00 AM ET,"8220 ABALONE LOOP PARRISH, FL- 34219","$502,141.01","$352,047.00","$502,141.01",606208859
2026-07-15T03:19:23,NEW,412025CA003126CAAXMA,09/08/2026 11:00 AM ET,"6891 74TH STREET CIR E BRADENTON, FL- 34203","$355,348.09","$311,265.00","$355,348.09",1901319859
2026-07-15T03:19:23,NEW,412025CA002791CAAXMA,10/07/2026 11:00 AM ET,"9305 46TH CT E PARRISH, FL- 34219","$442,854.97","$386,656.00","$442,854.97",740503009
2026-07-15T03:19:23,NEW,412025CA001919CAAXMA,10/21/2026 11:00 AM ET,"6613 14TH AVE W BRADENTON, FL- 34209","$171,223.24","$177,161.00","$171,223.24",3938001405
2026-07-15T03:19:23,NEW,412025CC001084CCAXMA,10/29/2026 11:00 AM ET,"6302 FRENCH CREEK CT ELLENTON, FL- 34222","$11,718.06","$292,448.00","$11,718.06",746554659
2026-07-15T03:19:23,NEW,412025CA001855CAAXMA,11/10/2026 11:00 AM ET,"206 PEACOCK LN HOLMES BEACH, FL- 34217","$861,215.55","$592,896.00","$861,215.55",7365810009
2026-07-15T03:19:23,CLOSED,412025CC003230CCAXMA,07/14/2026 11:00 AM ET,"2229 50TH STREET CIR E PALMETTO, FL- 34221","$19,471.21","$344,634.00","$19,471.21",705205609
2026-07-15T03:19:23,CLOSED,412025CA002328CAAXMA,09/08/2026 11:00 AM ET,"924 70TH STREET COURT EAST PALMETTO, FL- 34221","$18,055.88","$311,265.00","$355,348.09",Property
2026-07-16T03:19:18,NEW,412024CA001675CAAXMA,08/18/2026 11:00 AM ET,"5626 28TH ST W BRADENTON, FL- 34207",$0.00,"$87,746.00","$317,211.21",Property
2026-07-16T03:19:18,CLOSED,412018CA005016CAAXMA,07/15/2026 11:00 AM ET,"8452 LINDRICK LN BRADENTON, FL- 34202","$5,138,711.62","$1,748,826.00","$2,350,000.00",331942909
2026-07-16T03:19:18,CLOSED,412024CA000296CAAXMA,07/15/2026 11:00 AM ET,"226 CAPE HARBOUR LOOP UNIT 101 BRADENTON, FL- 34212","$198,665.24","$136,819.00","$198,665.24",1102410859
2026-07-16T03:19:18,CLOSED,412025CA002413CAAXMA,07/15/2026 11:00 AM ET,"2407 18TH ST E BRADENTON, FL- 34208","$316,959.82","$221,034.00","$153,700.00",1384402754
2026-07-16T03:19:18,CLOSED,412026CA000222CAAXMA,07/15/2026 11:00 AM ET,"5011 LEON DR PALMETTO, FL- 34221","$163,017.47","$177,627.00","$163,017.47",724915053
2026-07-16T03:19:18,CLOSED,412025CA002881CAAXMA,08/05/2026 11:00 AM ET,"6805 22ND AVE W BRADENTON, FL- 34209","$193,132.98","$132,685.00","$193,132.98",3938613050
2026-07-16T03:19:18,CLOSED,412025CA000375CAAXMA,08/18/2026 11:00 AM ET,"5626 28TH ST W BRADENTON, FL- 34207","$317,211.21","$87,746.00","$317,211.21",6104100000
2026-07-17T03:19:15,NEW,412025CC003179CCAXMA,07/30/2026 11:00 AM ET,"7280 83RD DR E BRADENTON, FL- 34201","$12,219.09","$250,750.00","$12,219.09",2054122659
2026-07-17T03:19:15,CLOSED,412025CC003495CCAXMA,07/16/2026 11:00 AM ET,"7706 US OPEN LOOP LAKEWOOD RANCH, FL- 34202","$13,008.40","$546,310.00","$13,008.40",588433805
2026-07-20T03:19:23,NEW,412026CA001304CAAXMA,08/12/2026 11:00 AM ET,"1808 17TH ST E PALMETTO, FL- 34221","$173,614.30","$87,163.00","$173,614.30",785800004
2026-07-20T03:19:23,NEW,412025CA000375CAAXMA,08/18/2026 11:00 AM ET,"5626 28TH ST W BRADENTON, FL- 34207","$317,211.21","$87,746.00","$317,211.21",6104100000
2026-07-20T03:19:23,NEW,412018CA005016CAAXMA,08/19/2026 11:00 AM ET,"4754 MAINSAIL DR BRADENTON, FL- 34208",$0.00,"$691,079.00","$1,519,358.22",Property
2026-07-20T03:19:23,NEW,412024CA000409CAAXMA,08/25/2026 11:00 AM ET,"12220 SR 62 PARRISH, FL- 34219","$257,472.47","$143,051.00",Hidden,Property
2026-07-20T03:19:23,NEW,412025CA002617CAAXMA,08/26/2026 11:00 AM ET,"4016 KINGSFIELD DR PARRISH, FL- 34219",$0.00,"$377,425.00","$512,377.26",Property
2026-07-20T03:19:23,NEW,412023CA000253CAAXMA,09/16/2026 11:00 AM ET,"6036 11TH STREET CT E BRADENTON, FL- 34203","$93,357.48","$102,185.00","$93,357.48",5839500005
2026-07-20T03:19:23,NEW,412024CA001322CAAXMA,09/16/2026 11:00 AM ET,"4422 20TH ST W BRADENTON, FL- 34207","$342,937.44","$238,051.00","$342,937.44",5196500002
2026-07-20T03:19:23,NEW,412025CA002391CAAXMA,09/23/2026 11:00 AM ET,"6551 ROSEHILL FARM RUN BRADENTON, FL- 34211","$165,878.05","$568,058.00","$165,878.05",581519809
2026-07-20T03:19:23,CLOSED,412025CA000437CAAXMA,08/19/2026 11:00 AM ET,"4754 MAINSAIL DR BRADENTON, FL- 34208","$1,519,358.22","$691,079.00","$1,519,358.22",1076001719
2026-07-20T03:19:23,CLOSED,412025CA002974CAAXMA,08/19/2026 11:00 AM ET,"10416 SPOONBILL RD W BRADENTON, FL- 34209","$39,193.28","$742,223.00","$39,193.28",7349800008
2026-07-20T03:19:23,CLOSED,412025CA002772CAAXMA,08/26/2026 11:00 AM ET,"4016 KINGSFIELD DR PARRISH, FL- 34219","$512,377.26","$377,425.00","$512,377.26",503604357
2026-07-21T03:19:27,NEW,412018CA003716CAAXMA,08/19/2026 11:00 AM ET,"4754 MAINSAIL DR BRADENTON, FL- 34208",$0.00,"$691,079.00","$1,519,358.22",Property
2026-07-21T03:19:27,CLOSED,412018CA005016CAAXMA,08/19/2026 11:00 AM ET,"4754 MAINSAIL DR BRADENTON, FL- 34208",$0.00,"$691,079.00","$1,519,358.22",Property
2026-07-21T03:19:27,CLOSED,412024CA001322CAAXMA,09/16/2026 11:00 AM ET,"4422 20TH ST W BRADENTON, FL- 34207","$342,937.44","$238,051.00","$342,937.44",5196500002
2026-07-22T03:19:22,NEW,412018CA005016CAAXMA,08/19/2026 11:00 AM ET,"8452 LINDRICK LN BRADENTON, FL- 34202","$5,138,711.62","$1,748,826.00","$5,138,711.62",331942909
2026-07-22T03:19:22,NEW,412025CA000437CAAXMA,08/19/2026 11:00 AM ET,"4754 MAINSAIL DR BRADENTON, FL- 34208","$1,519,358.22","$691,079.00","$1,519,358.22",1076001719
2026-07-22T03:19:22,NEW,412026CC000389CCAXMA,09/01/2026 11:00 AM ET,"201 113TH ST E BRADENTON, FL- 34212","$8,150.89","$292,425.00","$8,150.89",564607000
2026-07-22T03:19:22,NEW,412024CA001322CAAXMA,09/16/2026 11:00 AM ET,"4422 20TH ST W BRADENTON, FL- 34207","$342,937.44","$238,051.00","$342,937.44",5196500002
2026-07-22T03:19:22,CLOSED,412025CA001735CAAXMA,08/05/2026 11:00 AM ET,"1009 6TH ST W BRADENTON, FL- 34205","$168,197.05","$47,487.00","$200,993.12",Property
2026-07-23T03:19:27,NEW,412025CA000550CAAXMA,08/26/2026 11:00 AM ET,"2713 82ND AVE E ELLENTON, FL- 34222","$518,089.61","$402,087.00","$518,089.61",843501305
2026-07-23T03:19:27,NEW,412024CA001000CAAXMA,09/16/2026 11:00 AM ET,"4912 22ND AVE W BRADENTON, FL- 34209","$369,490.78","$356,311.00","$369,490.78",4041900004
2026-07-23T03:19:27,CLOSED,412023CA005803CAAXMA,07/22/2026 11:00 AM ET,"6205 FAIRMONT LN PALMETTO, FL- 34221","$14,772.72","$221,543.00","$14,772.72",612132959
2026-07-23T03:19:27,CLOSED,412024CA001248CAAXMA,07/22/2026 11:00 AM ET,"9905 ROYAL LYTHAM AVE BRADENTON, FL- 34202","$411,303.42","$348,856.00","$204,160.00",587630757
2026-07-23T03:19:27,CLOSED,412025CA002646CAAXMA,07/29/2026 11:00 AM ET,"4803 HARVEST GROVE PL PARRISH, FL- 34219","$312,992.01","$364,696.00","$312,992.01",474760309
2026-07-24T03:19:15,CLOSED,412024CA001278CAAXMA,09/30/2026 11:00 AM ET,"11219 MARIGOLD DR LAKEWOOD RANCH, FL- 34202","$1,147,652.33","$466,131.00","$1,147,652.33",584117352
2026-07-27T03:19:18,NEW,412025CA002772CAAXMA,08/26/2026 11:00 AM ET,"4016 KINGSFIELD DR PARRISH, FL- 34219","$512,377.26","$377,425.00","$512,377.26",503604357
2026-07-27T03:19:18,NEW,412024CA001278CAAXMA,09/30/2026 11:00 AM ET,"11219 MARIGOLD DR LAKEWOOD RANCH, FL- 34202","$1,147,652.33","$466,131.00","$1,147,652.33",584117352
2026-07-27T03:19:18,CLOSED,412025CA002617CAAXMA,08/26/2026 11:00 AM ET,"4016 KINGSFIELD DR PARRISH, FL- 34219",$0.00,"$377,425.00","$512,377.26",Property
2026-07-28T03:19:15,NEW,412025CA001774CAAXMA,08/19/2026 11:00 AM ET,"307 43RD STREET BLVD E BRADENTON, FL- 34208",$0.00,"$247,768.00","$185,724.42",Property
2026-07-28T03:19:15,NEW,412024CA000296CAAXMA,09/02/2026 11:00 AM ET,"226 CAPE HARBOUR LOOP UNIT 101 BRADENTON, FL- 34212","$198,665.24","$136,819.00","$198,665.24",1102410859
2026-07-28T03:19:15,NEW,412018CA006069CAAXMA,09/09/2026 11:00 AM ET,"4746 PINNACLE DR BRADENTON, FL- 34208",$0.00,"$652,660.00","$238,014.48",Property
2026-07-28T03:19:15,CLOSED,412025CA002572CAAXMA,08/19/2026 11:00 AM ET,"307 43RD STREET BLVD E BRADENTON, FL- 34208","$185,724.42","$247,768.00","$185,724.42",1045000005
2026-07-28T03:19:15,CLOSED,412025CA000855CAAXMA,09/09/2026 11:00 AM ET,"4746 PINNACLE DR BRADENTON, FL- 34208","$238,014.48","$652,660.00","$238,014.48",1074501859
2026-07-29T03:19:23,NEW,412023CA005803CAAXMA,09/02/2026 11:00 AM ET,"226 CAPE HARBOUR LOOP UNIT 101 BRADENTON, FL- 34212",$0.00,"$136,819.00","$198,665.24",Property
2026-07-29T03:19:23,NEW,412025CA000787CAAXMA,09/02/2026 11:00 AM ET,"2400 3RD ST E BRADENTON, FL- 34208",$0.00,"$71,519.00","$127,920.38",Property
2026-07-29T03:19:23,NEW,412025CA000855CAAXMA,09/09/2026 11:00 AM ET,"4746 PINNACLE DR BRADENTON, FL- 34208","$238,014.48","$652,660.00","$238,014.48",1074501859
2026-07-29T03:19:23,CLOSED,412026CC000058CCAXMA,07/28/2026 11:00 AM ET,"3604 LAKE BAYSHORE DR # K223 BRADENTON, FL- 34205","$46,026.96","$118,150.00","$47,790.83",5057620543
2026-07-29T03:19:23,CLOSED,412024CA000296CAAXMA,09/02/2026 11:00 AM ET,"226 CAPE HARBOUR LOOP UNIT 101 BRADENTON, FL- 34212","$198,665.24","$136,819.00","$198,665.24",1102410859
2026-07-29T03:19:23,CLOSED,412025CA001955CAAXMA,09/02/2026 11:00 AM ET,"2400 3RD ST E BRADENTON, FL- 34208","$127,920.38","$71,519.00","$127,920.38",4640300002
2026-07-30T03:15:09,CLOSED,412025CA000729CAAXMA,07/29/2026 11:00 AM ET,"323 158TH ST E BRADENTON, FL- 34212","$554,236.93","$452,485.00","$316,800.00",561620309
2026-07-30T03:15:09,CLOSED,412025CA002166CAAXMA,07/29/2026 11:00 AM ET,"2813 EDGEWOOD DR PARRISH, FL- 34219","$327,813.29","$353,521.00","$327,813.29",512936809
2026-07-30T03:15:09,CLOSED,412025CA002937CAAXMA,07/29/2026 11:00 AM ET,"5812 16TH ST W BRADENTON, FL- 34207","$247,782.71","$250,918.00","$161,700.00",5976900000
2026-07-30T03:15:09,CLOSED,412025CC003179CCAXMA,07/30/2026 11:00 AM ET,"7280 83RD DR E BRADENTON, FL- 34201","$12,219.09","$250,750.00","$12,219.09",2054122659
2026-07-30T03:15:09,CLOSED,412025CA002931CAAXMA,08/04/2026 11:00 AM ET,"2908 58TH WAY E PALMETTO, FL- 34221","$11,110.22","$328,571.00","$11,110.22",710300609
2026-07-30T03:15:09,CLOSED,412024CA000165CAAXMA,08/05/2026 11:00 AM ET,"4719 61ST AVENUE TER W BRADENTON, FL- 34210","$661,290.40","$476,000.00","$661,290.40",6147303454
2026-07-30T03:15:09,CLOSED,412025CA000662CAAXMA,08/05/2026 11:00 AM ET,"1412 16TH ST W BRADENTON, FL- 34205","$154,157.04","$74,108.00","$154,157.04",4401300001
2026-07-30T03:15:09,CLOSED,412025CA000932CAAXMA,08/05/2026 11:00 AM ET,"16618 BERWICK TER BRADENTON, FL- 34202","$1,052,082.22","$1,259,644.00","$1,052,082.22",586320459
2026-07-30T03:15:09,CLOSED,412025CA001253CAAXMA,08/05/2026 11:00 AM ET,"4224 12TH STREET CT E ELLENTON, FL- 34222","$190,121.62","$119,390.00","$190,121.62",897200002
2026-07-30T03:15:09,CLOSED,412025CA001670CAAXMA,08/05/2026 11:00 AM ET,"1801 GULF DR N UNIT 216 BRADENTON BEACH, FL- 34217","$541,356.91","$157,021.00","$541,356.91",7693310000
2026-07-30T03:15:09,CLOSED,412024CA001563CAAXMA,08/06/2026 11:00 AM ET,"6500 FLOTILLA DR UNIT 112 HOLMES BEACH, FL- 34217","$37,203.71","$278,490.00","$37,203.71",7303903509
2026-07-30T03:15:09,CLOSED,412025CA002616CAAXMA,08/06/2026 11:00 AM ET,"10004 CORTEZ RD W APT 106 BRADENTON, FL- 34210","$216,445.23","$159,375.00",Hidden,7503500352
2026-07-30T03:15:09,CLOSED,412025CC004086CCAXMA,08/11/2026 11:00 AM ET,"14308 SUNDIAL PL LAKEWOOD RANCH, FL- 34202","$6,265.81","$340,656.00","$6,265.81",584363009
2026-07-30T03:15:09,CLOSED,412025CA001812CAAXMA,08/12/2026 11:00 AM ET,"17625 CANTARINA CV BRADENTON, FL- 34211","$688,389.64","$481,384.00","$688,389.64",581117559
2026-07-30T03:15:09,CLOSED,412026CA000001CAAXMA,08/12/2026 11:00 AM ET,"6361 FAIRMONT LN PALMETTO, FL- 34221","$304,638.73","$222,319.00","$304,638.73",612134609
2026-07-30T03:15:09,CLOSED,412026CA001304CAAXMA,08/12/2026 11:00 AM ET,"1808 17TH ST E PALMETTO, FL- 34221","$173,614.30","$87,163.00","$173,614.30",785800004
2026-07-30T03:15:09,CLOSED,412024CA001675CAAXMA,08/18/2026 11:00 AM ET,"4485 GULF OF MEXICO DR APT 402 LONGBOAT KEY, FL- 34228","$88,799.05","$304,781.00","$88,799.05",8016210653
2026-07-30T03:15:09,CLOSED,412025CA000375CAAXMA,08/18/2026 11:00 AM ET,"5626 28TH ST W BRADENTON, FL- 34207","$317,211.21","$87,746.00","$317,211.21",6104100000
2026-07-30T03:15:09,CLOSED,412018CA003716CAAXMA,08/19/2026 11:00 AM ET,"10922 BULLRUSH TER LAKEWOOD RANCH, FL- 34202","$447,032.13","$547,030.00","$447,032.13",584177209
2026-07-30T03:15:09,CLOSED,412018CA005016CAAXMA,08/19/2026 11:00 AM ET,"8452 LINDRICK LN BRADENTON, FL- 34202","$5,138,711.62","$1,748,826.00","$5,138,711.62",331942909
2026-07-30T03:15:09,CLOSED,412025CA000437CAAXMA,08/19/2026 11:00 AM ET,"4754 MAINSAIL DR BRADENTON, FL- 34208","$1,519,358.22","$691,079.00","$1,519,358.22",1076001719
2026-07-30T03:15:09,CLOSED,412025CA001774CAAXMA,08/19/2026 11:00 AM ET,"307 43RD STREET BLVD E BRADENTON, FL- 34208",$0.00,"$247,768.00","$185,724.42",Property
2026-07-30T03:15:09,CLOSED,412025CA002688CAAXMA,08/19/2026 11:00 AM ET,"5438 TRIPOLI DR PALMETTO, FL- 34221","$390,366.75","$266,973.00","$390,366.75",718031109
2026-07-30T03:15:09,CLOSED,412024CA000409CAAXMA,08/25/2026 11:00 AM ET,"12220 SR 62 PARRISH, FL- 34219","$257,472.47","$143,051.00",Hidden,Property
2026-07-30T03:15:09,CLOSED,412025CA000550CAAXMA,08/26/2026 11:00 AM ET,"2713 82ND AVE E ELLENTON, FL- 34222","$518,089.61","$402,087.00","$518,089.61",843501305
2026-07-30T03:15:09,CLOSED,412025CA002070CAAXMA,08/26/2026 11:00 AM ET,"618 12TH STREET DR W PALMETTO, FL- 34221","$261,545.12","$46,188.00","$261,545.12",2643200005
2026-07-30T03:15:09,CLOSED,412025CA002772CAAXMA,08/26/2026 11:00 AM ET,"4016 KINGSFIELD DR PARRISH, FL- 34219","$512,377.26","$377,425.00","$512,377.26",503604357
2026-07-30T03:15:09,CLOSED,412025CA002950CAAXMA,08/26/2026 11:00 AM ET,"2201 GRAND FLORA TRL BRADENTON, FL- 34208","$489,652.92","$311,077.00","$489,652.92",1383501809
2026-07-30T03:15:09,CLOSED,412026CA000147CAAXMA,08/26/2026 11:00 AM ET,"2207 38TH AVE E BRADENTON, FL- 34208","$250,125.80","$184,613.00","$250,125.80",1635800004
2026-07-30T03:15:09,CLOSED,412026CA000035CAAXMA,08/27/2026 11:00 AM ET,"231 HERITAGE PRESERVE RUN BRADENTON, FL- 34212","$599,909.74","$459,998.00","$599,909.74",1101818209
2026-07-30T03:15:09,CLOSED,412026CC000389CCAXMA,09/01/2026 11:00 AM ET,"201 113TH ST E BRADENTON, FL- 34212","$8,150.89","$292,425.00","$8,150.89",564607000
2026-07-30T03:15:09,CLOSED,412023CA005803CAAXMA,09/02/2026 11:00 AM ET,"226 CAPE HARBOUR LOOP UNIT 101 BRADENTON, FL- 34212",$0.00,"$136,819.00","$198,665.24",Property
2026-07-30T03:15:09,CLOSED,412025CA000787CAAXMA,09/02/2026 11:00 AM ET,"2400 3RD ST E BRADENTON, FL- 34208",$0.00,"$71,519.00","$127,920.38",Property
2026-07-30T03:15:09,CLOSED,412025CA002378CAAXMA,09/02/2026 11:00 AM ET,"2813 EDGEWOOD DR PARRISH, FL- 34219","$387,275.58","$353,521.00","$387,275.58",512936809
2026-07-30T03:15:09,CLOSED,412025CA002407CAAXMA,09/02/2026 11:00 AM ET,"3117 9TH AVENUE DR E PALMETTO, FL- 34221","$54,033.75","$228,439.00","$54,033.75",2478400001
2026-07-30T03:15:09,CLOSED,412026CA000403CAAXMA,09/02/2026 11:00 AM ET,"8220 ABALONE LOOP PARRISH, FL- 34219","$502,141.01","$352,047.00","$502,141.01",606208859
2026-07-30T03:15:09,CLOSED,412024CA000222CAAXMA,09/08/2026 11:00 AM ET,"808 35TH AVENUE DR W PALMETTO, FL- 34221","$191,113.57","$329,742.00","$191,113.57",2968800108
2026-07-30T03:15:09,CLOSED,412025CA003126CAAXMA,09/08/2026 11:00 AM ET,"6891 74TH STREET CIR E BRADENTON, FL- 34203","$355,348.09","$311,265.00","$355,348.09",1901319859
2026-07-30T03:15:09,CLOSED,412018CA006069CAAXMA,09/09/2026 11:00 AM ET,"218 3RD AVE E BRADENTON, FL- 34208","$410,000.68","$175,883.00","$410,000.68",3158600001
2026-07-30T03:15:09,CLOSED,412025CA000855CAAXMA,09/09/2026 11:00 AM ET,"4746 PINNACLE DR BRADENTON, FL- 34208","$238,014.48","$652,660.00","$238,014.48",1074501859
2026-07-30T03:15:09,CLOSED,412025CA001396CAAXMA,09/09/2026 11:00 AM ET,"3605 HAWK ISLAND DR BRADENTON, FL- 34208","$6,974,741.66","$4,832,563.00","$355,348.09",1038601009
2026-07-30T03:15:09,CLOSED,412025CC003738CCAXMA,09/15/2026 11:00 AM ET,"7121 RIVER HAMMOCK DR UNIT 107 BRADENTON, FL- 34212","$15,417.28","$221,000.00","$15,417.28",1101826359
2026-07-30T03:15:09,CLOSED,412026CC000619CCAXMA,09/15/2026 11:00 AM ET,"6891 74TH STREET CIR E BRADENTON, FL- 34203","$6,072.66","$311,265.00","$6,072.66",1901319859
2026-07-30T03:15:09,CLOSED,412023CA000253CAAXMA,09/16/2026 11:00 AM ET,"6036 11TH STREET CT E BRADENTON, FL- 34203","$93,357.48","$102,185.00","$93,357.48",5839500005
2026-07-30T03:15:09,CLOSED,412023CA006592CAAXMA,09/16/2026 11:00 AM ET,"714 MAGELLAN DR SARASOTA, FL- 34243","$279,670.59","$314,118.00","$279,670.59",6589100004
2026-07-30T03:15:09,CLOSED,412024CA001000CAAXMA,09/16/2026 11:00 AM ET,"4912 22ND AVE W BRADENTON, FL- 34209","$369,490.78","$356,311.00","$369,490.78",4041900004
2026-07-30T03:15:09,CLOSED,412024CA001322CAAXMA,09/16/2026 11:00 AM ET,"4422 20TH ST W BRADENTON, FL- 34207","$342,937.44","$238,051.00","$342,937.44",5196500002
2026-07-30T03:15:09,CLOSED,412025CC000720CCAXMA,09/22/2026 11:00 AM ET,"7150 NORTH TAMIAMI TRL UNIT S- SARASOTA, FL- 34243","$17,571.74","$97,750.00","$17,571.74",6697107609
2026-07-30T03:15:09,CLOSED,412025CA001265CAAXMA,09/23/2026 11:00 AM ET,"2008 27TH AVE W BRADENTON, FL- 34205","$334,853.55","$279,292.00","$334,853.55",4930100005
2026-07-30T03:15:09,CLOSED,412025CA002391CAAXMA,09/23/2026 11:00 AM ET,"6551 ROSEHILL FARM RUN BRADENTON, FL- 34211","$165,878.05","$568,058.00","$165,878.05",581519809
2026-07-30T03:15:09,CLOSED,412023CA004855CAAXMA,09/30/2026 11:00 AM ET,"919 80TH ST NW BRADENTON, FL- 34209","$550,501.10","$444,681.00","$550,501.10",3034205009
2026-07-30T03:15:09,CLOSED,412024CA001278CAAXMA,09/30/2026 11:00 AM ET,"11219 MARIGOLD DR LAKEWOOD RANCH, FL- 34202","$1,147,652.33","$466,131.00","$1,147,652.33",584117352
2026-07-30T03:15:09,CLOSED,412023CA005502CAAXMA,10/01/2026 11:00 AM ET,"5143 CREEKSIDE TRL SARASOTA, FL- 34243","$317,849.39","$223,074.00","$317,849.39",1878813809
2026-07-30T03:15:09,CLOSED,412025CA001697CAAXMA,10/07/2026 11:00 AM ET,"6620 ARIZONA ST BRADENTON, FL- 34207","$69,197.58","$120,852.00","$69,197.58",6320300004
2026-07-30T03:15:09,CLOSED,412025CA002791CAAXMA,10/07/2026 11:00 AM ET,"9305 46TH CT E PARRISH, FL- 34219","$442,854.97","$386,656.00","$442,854.97",740503009
2026-07-30T03:15:09,CLOSED,412025CA000884CAAXMA,10/14/2026 11:00 AM ET,"6031 DARTMOUTH DR BRADENTON, FL- 34207-4728",$0.00,"$195,095.00",$0.00,5956100001
2026-07-30T03:15:09,CLOSED,412025CA001919CAAXMA,10/21/2026 11:00 AM ET,"6613 14TH AVE W BRADENTON, FL- 34209","$171,223.24","$177,161.00","$171,223.24",3938001405
2026-07-30T03:15:09,CLOSED,412025CC002885CCAXMA,10/28/2026 11:00 AM ET,"4581 35TH AVENUE CIR E PALMETTO, FL- 34221","$14,074.32","$140,688.00","$14,074.32",747500659
2026-07-30T03:15:09,CLOSED,412025CC001084CCAXMA,10/29/2026 11:00 AM ET,"6302 FRENCH CREEK CT ELLENTON, FL- 34222","$11,718.06","$292,448.00","$11,718.06",746554659
2026-07-30T03:15:09,CLOSED,412025CA001855CAAXMA,11/10/2026 11:00 AM ET,"206 PEACOCK LN HOLMES BEACH, FL- 34217","$861,215.55","$592,896.00","$861,215.55",7365810009
2026-08-03T03:19:33,NEW,412025CA002931CAAXMA,08/04/2026 11:00 AM ET,"2908 58TH WAY E PALMETTO, FL- 34221","$11,110.22","$328,571.00","$11,110.22",710300609
2026-08-03T03:19:33,NEW,412024CA000165CAAXMA,08/05/2026 11:00 AM ET,"4719 61ST AVENUE TER W BRADENTON, FL- 34210","$661,290.40","$476,000.00","$661,290.40",6147303454
2026-08-03T03:19:33,NEW,412025CA000662CAAXMA,08/05/2026 11:00 AM ET,"1412 16TH ST W BRADENTON, FL- 34205","$154,157.04","$74,108.00","$154,157.04",4401300001
2026-08-03T03:19:33,NEW,412025CA000932CAAXMA,08/05/2026 11:00 AM ET,"16618 BERWICK TER BRADENTON, FL- 34202","$1,052,082.22","$1,259,644.00","$1,052,082.22",586320459
2026-08-03T03:19:33,NEW,412025CA001253CAAXMA,08/05/2026 11:00 AM ET,"4224 12TH STREET CT E ELLENTON, FL- 34222","$190,121.62","$119,390.00","$190,121.62",897200002
2026-08-03T03:19:33,NEW,412025CA001670CAAXMA,08/05/2026 11:00 AM ET,"1801 GULF DR N UNIT 216 BRADENTON BEACH, FL- 34217","$541,356.91","$157,021.00","$541,356.91",7693310000
2026-08-03T03:19:33,NEW,412024CA001563CAAXMA,08/06/2026 11:00 AM ET,"6500 FLOTILLA DR UNIT 112 HOLMES BEACH, FL- 34217","$37,203.71","$278,490.00","$37,203.71",7303903509
2026-08-03T03:19:33,NEW,412025CA002616CAAXMA,08/06/2026 11:00 AM ET,"10004 CORTEZ RD W APT 106 BRADENTON, FL- 34210","$216,445.23","$159,375.00",Hidden,7503500352
2026-08-03T03:19:33,NEW,412025CC004086CCAXMA,08/11/2026 11:00 AM ET,"14308 SUNDIAL PL LAKEWOOD RANCH, FL- 34202","$6,265.81","$340,656.00","$6,265.81",584363009
2026-08-03T03:19:33,NEW,412025CA001812CAAXMA,08/12/2026 11:00 AM ET,"17625 CANTARINA CV BRADENTON, FL- 34211","$688,389.64","$481,384.00","$688,389.64",581117559
2026-08-03T03:19:33,NEW,412026CA000001CAAXMA,08/12/2026 11:00 AM ET,"6361 FAIRMONT LN PALMETTO, FL- 34221","$304,638.73","$222,319.00","$304,638.73",612134609
2026-08-03T03:19:33,NEW,412026CA001304CAAXMA,08/12/2026 11:00 AM ET,"1808 17TH ST E PALMETTO, FL- 34221","$173,614.30","$87,163.00","$173,614.30",785800004
2026-08-03T03:19:33,NEW,412024CA001675CAAXMA,08/18/2026 11:00 AM ET,"4485 GULF OF MEXICO DR APT 402 LONGBOAT KEY, FL- 34228","$88,799.05","$304,781.00","$88,799.05",8016210653
2026-08-03T03:19:33,NEW,412025CA000375CAAXMA,08/18/2026 11:00 AM ET,"5626 28TH ST W BRADENTON, FL- 34207","$317,211.21","$87,746.00","$317,211.21",6104100000
2026-08-03T03:19:33,NEW,412018CA003716CAAXMA,08/19/2026 11:00 AM ET,"10922 BULLRUSH TER LAKEWOOD RANCH, FL- 34202","$447,032.13","$547,030.00","$447,032.13",584177209
2026-08-03T03:19:33,NEW,412018CA005016CAAXMA,08/19/2026 11:00 AM ET,"8452 LINDRICK LN BRADENTON, FL- 34202","$5,138,711.62","$1,748,826.00","$2,350,000.00",331942909
2026-08-03T03:19:33,NEW,412025CA000437CAAXMA,08/19/2026 11:00 AM ET,"4754 MAINSAIL DR BRADENTON, FL- 34208","$1,519,358.22","$691,079.00","$1,519,358.22",1076001719
2026-08-03T03:19:33,NEW,412025CA001774CAAXMA,08/19/2026 11:00 AM ET,"501 GENERAL HARRIS STRET LONGBOAT KEY, FL- 34228","$1,554,303.29","$247,768.00","$185,724.42",Property
2026-08-03T03:19:33,NEW,412025CA002688CAAXMA,08/19/2026 11:00 AM ET,"5438 TRIPOLI DR PALMETTO, FL- 34221","$390,366.75","$266,973.00","$390,366.75",718031109
2026-08-03T03:19:33,NEW,412024CA000409CAAXMA,08/25/2026 11:00 AM ET,"12220 SR 62 PARRISH, FL- 34219","$257,472.47","$143,051.00",Hidden,Property
2026-08-03T03:19:33,NEW,412025CA000550CAAXMA,08/26/2026 11:00 AM ET,"2713 82ND AVE E ELLENTON, FL- 34222","$518,089.61","$402,087.00","$518,089.61",843501305
2026-08-03T03:19:33,NEW,412025CA002070CAAXMA,08/26/2026 11:00 AM ET,"618 12TH STREET DR W PALMETTO, FL- 34221","$261,545.12","$46,188.00","$261,545.12",2643200005
2026-08-03T03:19:33,NEW,412025CA002772CAAXMA,08/26/2026 11:00 AM ET,"4016 KINGSFIELD DR PARRISH, FL- 34219","$512,377.26","$377,425.00","$512,377.26",503604357
2026-08-03T03:19:33,NEW,412025CA002950CAAXMA,08/26/2026 11:00 AM ET,"2201 GRAND FLORA TRL BRADENTON, FL- 34208","$489,652.92","$311,077.00","$489,652.92",1383501809
2026-08-03T03:19:33,NEW,412026CA000147CAAXMA,08/26/2026 11:00 AM ET,"2207 38TH AVE E BRADENTON, FL- 34208","$250,125.80","$184,613.00","$250,125.80",1635800004
2026-08-03T03:19:33,NEW,412024CA001288CAAXMA,08/27/2026 11:00 AM ET,"12250 CR 675 PARRISH, FL- 34219","$311,851.38","$319,973.00","$311,851.38",464511005
2026-08-03T03:19:33,NEW,412025CC003179CCAXMA,08/27/2026 11:00 AM ET,"7280 83RD DR E BRADENTON, FL- 34201","$12,219.09","$250,750.00","$12,219.09",2054122659
2026-08-03T03:19:33,NEW,412026CA000035CAAXMA,08/27/2026 11:00 AM ET,"231 HERITAGE PRESERVE RUN BRADENTON, FL- 34212","$599,909.74","$459,998.00","$599,909.74",1101818209
2026-08-03T03:19:33,NEW,412026CC000389CCAXMA,09/01/2026 11:00 AM ET,"201 113TH ST E BRADENTON, FL- 34212","$8,150.89","$292,425.00","$8,150.89",564607000
2026-08-03T03:19:33,NEW,412023CA005803CAAXMA,09/02/2026 11:00 AM ET,"6205 FAIRMONT LN PALMETTO, FL- 34221","$14,772.72","$221,543.00","$14,772.72",612132959
2026-08-03T03:19:33,NEW,412024CA000296CAAXMA,09/02/2026 11:00 AM ET,"226 CAPE HARBOUR LOOP UNIT 101 BRADENTON, FL- 34212","$198,665.24","$136,819.00","$198,665.24",1102410859
2026-08-03T03:19:33,NEW,412025CA000787CAAXMA,09/02/2026 11:00 AM ET,"2400 3RD ST E BRADENTON, FL- 34208",$0.00,"$71,519.00","$127,920.38",Property
2026-08-03T03:19:33,NEW,412025CA002378CAAXMA,09/02/2026 11:00 AM ET,"2813 EDGEWOOD DR PARRISH, FL- 34219","$387,275.58","$353,521.00","$387,275.58",512936809
2026-08-03T03:19:33,NEW,412025CA002407CAAXMA,09/02/2026 11:00 AM ET,"3117 9TH AVENUE DR E PALMETTO, FL- 34221","$54,033.75","$228,439.00","$54,033.75",2478400001
2026-08-03T03:19:33,NEW,412026CA000403CAAXMA,09/02/2026 11:00 AM ET,"8220 ABALONE LOOP PARRISH, FL- 34219","$502,141.01","$352,047.00","$502,141.01",606208859
2026-08-03T03:19:33,NEW,412024CA000222CAAXMA,09/08/2026 11:00 AM ET,"808 35TH AVENUE DR W PALMETTO, FL- 34221","$191,113.57","$329,742.00","$191,113.57",2968800108
2026-08-03T03:19:33,NEW,412025CA003126CAAXMA,09/08/2026 11:00 AM ET,"6891 74TH STREET CIR E BRADENTON, FL- 34203","$355,348.09","$311,265.00","$355,348.09",1901319859
2026-08-03T03:19:33,NEW,412018CA006069CAAXMA,09/09/2026 11:00 AM ET,"218 3RD AVE E BRADENTON, FL- 34208","$410,000.68","$175,883.00","$410,000.68",3158600001
2026-08-03T03:19:33,NEW,412025CA000855CAAXMA,09/09/2026 11:00 AM ET,"4746 PINNACLE DR BRADENTON, FL- 34208","$238,014.48","$652,660.00","$238,014.48",1074501859
2026-08-03T03:19:33,NEW,412025CA001396CAAXMA,09/09/2026 11:00 AM ET,"3605 HAWK ISLAND DR BRADENTON, FL- 34208","$6,974,741.66","$4,832,563.00","$355,348.09",1038601009
2026-08-03T03:19:33,NEW,412025CC003738CCAXMA,09/15/2026 11:00 AM ET,"7121 RIVER HAMMOCK DR UNIT 107 BRADENTON, FL- 34212","$15,417.28","$221,000.00","$15,417.28",1101826359
2026-08-03T03:19:33,NEW,412026CC000619CCAXMA,09/15/2026 11:00 AM ET,"6891 74TH STREET CIR E BRADENTON, FL- 34203","$6,072.66","$311,265.00","$6,072.66",1901319859
2026-08-03T03:19:33,NEW,412023CA000253CAAXMA,09/16/2026 11:00 AM ET,"6036 11TH STREET CT E BRADENTON, FL- 34203","$93,357.48","$102,185.00","$93,357.48",5839500005
2026-08-03T03:19:33,NEW,412023CA006592CAAXMA,09/16/2026 11:00 AM ET,"714 MAGELLAN DR SARASOTA, FL- 34243","$279,670.59","$314,118.00","$279,670.59",6589100004
2026-08-03T03:19:33,NEW,412024CA001000CAAXMA,09/16/2026 11:00 AM ET,"4912 22ND AVE W BRADENTON, FL- 34209","$369,490.78","$356,311.00","$369,490.78",4041900004
2026-08-03T03:19:33,NEW,412024CA001322CAAXMA,09/16/2026 11:00 AM ET,"4422 20TH ST W BRADENTON, FL- 34207","$342,937.44","$238,051.00","$342,937.44",5196500002
2026-08-03T03:19:33,NEW,412025CC000720CCAXMA,09/22/2026 11:00 AM ET,"7150 NORTH TAMIAMI TRL UNIT S- SARASOTA, FL- 34243","$17,571.74","$97,750.00","$17,571.74",6697107609
2026-08-03T03:19:33,NEW,412025CA001265CAAXMA,09/23/2026 11:00 AM ET,"2008 27TH AVE W BRADENTON, FL- 34205","$334,853.55","$279,292.00","$334,853.55",4930100005
2026-08-03T03:19:33,NEW,412025CA002391CAAXMA,09/23/2026 11:00 AM ET,"6551 ROSEHILL FARM RUN BRADENTON, FL- 34211","$165,878.05","$568,058.00","$165,878.05",581519809
2026-08-03T03:19:33,NEW,412023CA004855CAAXMA,09/30/2026 11:00 AM ET,"919 80TH ST NW BRADENTON, FL- 34209","$550,501.10","$444,681.00","$550,501.10",3034205009
2026-08-03T03:19:33,NEW,412024CA001278CAAXMA,09/30/2026 11:00 AM ET,"11219 MARIGOLD DR LAKEWOOD RANCH, FL- 34202","$1,147,652.33","$466,131.00","$1,147,652.33",584117352
2026-08-03T03:19:33,NEW,412023CA005502CAAXMA,10/01/2026 11:00 AM ET,"5143 CREEKSIDE TRL SARASOTA, FL- 34243","$317,849.39","$223,074.00","$317,849.39",1878813809
2026-08-03T03:19:33,NEW,412025CA001697CAAXMA,10/07/2026 11:00 AM ET,"6620 ARIZONA ST BRADENTON, FL- 34207","$69,197.58","$120,852.00","$69,197.58",6320300004
2026-08-03T03:19:33,NEW,412025CA002791CAAXMA,10/07/2026 11:00 AM ET,"9305 46TH CT E PARRISH, FL- 34219","$442,854.97","$386,656.00","$442,854.97",740503009
2026-08-03T03:19:33,NEW,412025CA000884CAAXMA,10/14/2026 11:00 AM ET,"6031 DARTMOUTH DR BRADENTON, FL- 34207-4728",$0.00,"$195,095.00",$0.00,5956100001
2026-08-03T03:19:33,NEW,412025CA001919CAAXMA,10/21/2026 11:00 AM ET,"6613 14TH AVE W BRADENTON, FL- 34209","$171,223.24","$177,161.00","$171,223.24",3938001405
2026-08-03T03:19:33,NEW,412025CC002885CCAXMA,10/28/2026 11:00 AM ET,"4581 35TH AVENUE CIR E PALMETTO, FL- 34221","$14,074.32","$140,688.00","$14,074.32",747500659
2026-08-03T03:19:33,NEW,412025CC001084CCAXMA,10/29/2026 11:00 AM ET,"6302 FRENCH CREEK CT ELLENTON, FL- 34222","$11,718.06","$292,448.00","$11,718.06",746554659
2026-08-03T03:19:33,NEW,412025CA001855CAAXMA,11/10/2026 11:00 AM ET,"206 PEACOCK LN HOLMES BEACH, FL- 34217","$861,215.55","$592,896.00","$861,215.55",7365810009
2026-08-04T03:19:30,CLOSED,412025CC002885CCAXMA,10/28/2026 11:00 AM ET,"4581 35TH AVENUE CIR E PALMETTO, FL- 34221","$14,074.32","$140,688.00","$14,074.32",747500659
2026-08-05T03:19:27,NEW,412025CA001735CAAXMA,08/05/2026 11:00 AM ET,"6147 BLUESTAR CT LAKEWOOD RANCH, FL- 34211","$168,197.05","$526,898.00","$371,200.00",Property
2026-08-05T03:19:27,CLOSED,412025CA002931CAAXMA,08/04/2026 11:00 AM ET,"2908 58TH WAY E PALMETTO, FL- 34221","$11,110.22","$328,571.00","$11,110.22",710300609
2026-08-06T03:20:45,NEW,412026CC000780CCAXMA,08/25/2026 11:00 AM ET,"3615 101ST AVE E PARRISH, FL- 34219","$7,147.75","$143,051.00",Hidden,727119809
2026-08-06T03:20:45,NEW,412025CA002646CAAXMA,09/02/2026 11:00 AM ET,"4803 HARVEST GROVE PL PARRISH, FL- 34219","$312,992.01","$364,696.00","$312,992.01",474760309
2026-08-06T03:20:45,CLOSED,412024CA000165CAAXMA,08/05/2026 11:00 AM ET,"4719 61ST AVENUE TER W BRADENTON, FL- 34210","$661,290.40","$476,000.00","$684,991.77",6147303454
2026-08-06T03:20:45,CLOSED,412025CA000662CAAXMA,08/05/2026 11:00 AM ET,"1412 16TH ST W BRADENTON, FL- 34205","$154,157.04","$74,108.00","$154,071.58",4401300001
2026-08-06T03:20:45,CLOSED,412025CA000932CAAXMA,08/05/2026 11:00 AM ET,"16618 BERWICK TER BRADENTON, FL- 34202","$1,052,082.22","$1,259,644.00","$1,067,185.68",586320459
2026-08-06T03:20:45,CLOSED,412025CA001253CAAXMA,08/05/2026 11:00 AM ET,"4224 12TH STREET CT E ELLENTON, FL- 34222","$190,121.62","$119,390.00","$118,511.00",897200002
2026-08-06T03:20:45,CLOSED,412025CA001670CAAXMA,08/05/2026 11:00 AM ET,"1801 GULF DR N UNIT 216 BRADENTON BEACH, FL- 34217","$541,356.91","$157,021.00",Hidden,7693310000
2026-08-06T03:20:45,CLOSED,412025CA001735CAAXMA,08/05/2026 11:00 AM ET,"6147 BLUESTAR CT LAKEWOOD RANCH, FL- 34211","$168,197.05","$526,898.00","$371,200.00",Property
2026-08-06T03:20:45,CLOSED,412025CA002616CAAXMA,08/06/2026 11:00 AM ET,"10004 CORTEZ RD W APT 106 BRADENTON, FL- 34210","$216,445.23","$159,375.00",Hidden,7503500352
2026-08-06T03:20:45,CLOSED,412025CC000720CCAXMA,09/22/2026 11:00 AM ET,"7150 NORTH TAMIAMI TRL UNIT S- SARASOTA, FL- 34243","$17,571.74","$97,750.00","$17,571.74",6697107609
2026-08-06T03:20:45,CLOSED,412025CA001812CAAXMA,10/28/2026 11:00 AM ET,"4581 35TH AVENUE CIR E PALMETTO, FL- 34221",$0.00,"$140,688.00","$14,074.32",Property
2026-08-07T03:19:15,CLOSED,412024CA001563CAAXMA,08/06/2026 11:00 AM ET,"6500 FLOTILLA DR UNIT 112 HOLMES BEACH, FL- 34217","$37,203.71","$278,490.00","$37,203.71",7303903509
2026-08-10T03:19:12,NEW,412025CA001985CAAXMA,09/23/2026 11:00 AM ET,"6551 ROSEHILL FARM RUN BRADENTON, FL- 34211",$0.00,"$568,058.00","$165,878.05",Property
2026-08-10T03:19:12,CLOSED,412025CA002391CAAXMA,09/23/2026 11:00 AM ET,"6551 ROSEHILL FARM RUN BRADENTON, FL- 34211","$165,878.05","$568,058.00","$165,878.05",581519809
2026-08-12T03:19:02,CLOSED,412025CC004086CCAXMA,08/11/2026 11:00 AM ET,"14308 SUNDIAL PL LAKEWOOD RANCH, FL- 34202","$6,265.81","$340,656.00","$6,265.81",584363009
2026-08-13T03:19:05,NEW,412025CA001955CAAXMA,09/02/2026 11:00 AM ET,"2400 3RD ST E BRADENTON, FL- 34208","$127,920.38","$71,519.00","$127,920.38",4640300002
2026-08-13T03:19:05,NEW,412025CA002115CAAXMA,09/09/2026 11:00 AM ET,"6208 KEVESTA AVE PALMETTO, FL- 34221","$315,990.36","$310,721.00","$315,990.36",718004459
2026-08-13T03:19:05,NEW,412025CA002937CAAXMA,09/09/2026 11:00 AM ET,"5812 16TH ST W BRADENTON, FL- 34207","$247,782.71","$250,918.00","$247,782.71",5976900000
2026-08-13T03:19:05,NEW,412026CC000196CCAXMA,09/09/2026 11:00 AM ET,"971 SANDPIPER CIR BRADENTON, FL- 34209","$33,535.50","$344,250.00","$33,535.50",7360918655
2026-08-13T03:19:05,NEW,412024CA001607CAAXMA,09/10/2026 11:00 AM ET,"3615 OXFORD DRIVE BRADENTON, FL- 34205","$181,748.68","$155,352.00","$6,193.40",Property
2026-08-13T03:19:05,NEW,412024CA000642CAAXMA,09/30/2026 11:00 AM ET,"11219 MARIGOLD DR LAKEWOOD RANCH, FL- 34202",$0.00,"$466,131.00","$1,147,652.33",Property
2026-08-13T03:19:05,CLOSED,412026CA000001CAAXMA,08/12/2026 11:00 AM ET,"6361 FAIRMONT LN PALMETTO, FL- 34221","$304,638.73","$222,319.00","$145,200.00",612134609
2026-08-13T03:19:05,CLOSED,412026CA001304CAAXMA,08/12/2026 11:00 AM ET,"1808 17TH ST E PALMETTO, FL- 34221","$173,614.30","$87,163.00","$173,614.30",785800004
2026-08-13T03:19:05,CLOSED,412026CA000403CAAXMA,09/02/2026 11:00 AM ET,"8220 ABALONE LOOP PARRISH, FL- 34219","$502,141.01","$352,047.00","$502,141.01",606208859
2026-08-13T03:19:05,CLOSED,412024CA001278CAAXMA,09/30/2026 11:00 AM ET,"11219 MARIGOLD DR LAKEWOOD RANCH, FL- 34202","$1,147,652.33","$466,131.00","$1,147,652.33",584117352
2026-08-13T03:19:05,CLOSED,412025CC001084CCAXMA,10/29/2026 11:00 AM ET,"6302 FRENCH CREEK CT ELLENTON, FL- 34222","$11,718.06","$292,448.00","$11,718.06",746554659
2026-08-14T03:18:52,NEW,412025CC001084CCAXMA,10/29/2026 11:00 AM ET,"6302 FRENCH CREEK CT ELLENTON, FL- 34222","$11,718.06","$292,448.00","$11,718.06",746554659
2026-08-17T03:18:56,NEW,412025CA003113CAAXMA,09/02/2026 11:00 AM ET,"10460 LADYBUG CV PARRISH, FL- 34219","$390,462.87","$278,139.00","$390,462.87",401646309
2026-08-17T03:18:56,NEW,412025CA001253CAAXMA,09/16/2026 11:00 AM ET,"4224 12TH STREET CT E ELLENTON, FL- 34222","$190,121.62","$119,390.00","$190,121.62",897200002
2026-08-17T03:18:56,NEW,412025CA002616CAAXMA,09/16/2026 11:00 AM ET,"10004 CORTEZ RD W APT 106 BRADENTON, FL- 34210","$216,445.23","$159,375.00","$216,445.23",7503500352
2026-08-17T03:18:56,NEW,412025CA002391CAAXMA,09/23/2026 11:00 AM ET,"6551 ROSEHILL FARM RUN BRADENTON, FL- 34211","$165,878.05","$568,058.00","$165,878.05",581519809
2026-08-17T03:18:56,NEW,412025CC000770CCAXMA,09/29/2026 11:00 AM ET,"6205 FAIRMONT LN PALMETTO, FL- 34221",$0.00,"$221,543.00","$210,682.22",Property
2026-08-17T03:18:56,CLOSED,412025CA001955CAAXMA,09/02/2026 11:00 AM ET,"2400 3RD ST E BRADENTON, FL- 34208","$127,920.38","$71,519.00","$127,920.38",4640300002
2026-08-18T03:18:45,NEW,412026CA000389CAAXMA,09/29/2026 11:00 AM ET,"6205 FAIRMONT LN PALMETTO, FL- 34221","$210,682.22","$221,543.00","$210,682.22",612132959
2026-08-18T03:18:45,NEW,412024CA001278CAAXMA,09/30/2026 11:00 AM ET,"11219 MARIGOLD DR LAKEWOOD RANCH, FL- 34202","$1,147,652.33","$466,131.00","$1,147,652.33",584117352
2026-08-18T03:18:45,NEW,412025CA002028CAAXMA,09/30/2026 11:00 AM ET,"5528 20TH ST W BRADENTON, FL- 34207","$262,954.46","$97,040.00","$262,954.46",6072000000
2026-08-18T03:18:45,NEW,412026CC000387CCAXMA,09/30/2026 11:00 AM ET,"4138 NOBLE PL PARRISH, FL- 34219","$4,910.44","$358,124.00","$4,910.44",502106559
2026-08-18T03:18:45,NEW,412025CA003088CAAXMA,10/07/2026 11:00 AM ET,"4915 BOOKELIA CIR BRADENTON, FL- 34203","$507,707.82","$218,814.00","$507,707.82",1697714909
2026-08-18T03:18:45,NEW,412026CC000114CCAXMA,10/13/2026 11:00 AM ET,"4205 REISSWOOD LOOP PALMETTO, FL- 34221","$5,550.31","$238,658.00","$5,550.31",760925009
2026-08-18T03:18:45,NEW,412025CC002885CCAXMA,10/28/2026 11:00 AM ET,"4581 35TH AVENUE CIR E PALMETTO, FL- 34221","$14,074.32","$140,688.00","$14,074.32",747500659
2026-08-18T03:18:45,NEW,412025CA002044CAAXMA,11/04/2026 11:00 AM ET,"2628 30TH AVENUE DR E BRADENTON, FL- 34208","$165,113.29","$68,455.00","$165,113.29",1558700309
2026-08-18T03:18:45,NEW,412025CA002760CAAXMA,12/01/2026 11:00 AM ET,"5269 ROCKY COAST PL PALMETTO, FL- 34221","$435,832.55","$383,116.00","$435,832.55",716913259
2026-08-18T03:18:45,NEW,412025CA002756CAAXMA,12/02/2026 11:00 AM ET,"6104 WAUCHULA RD MYAKKA CITY, FL- 34251","$246,447.07","$325,197.00","$246,447.07",62300659
2026-08-18T03:18:45,CLOSED,412024CA001675CAAXMA,08/18/2026 11:00 AM ET,"4485 GULF OF MEXICO DR APT 402 LONGBOAT KEY, FL- 34228","$88,799.05","$304,781.00","$88,799.05",8016210653
2026-08-18T03:18:45,CLOSED,412026CC000389CCAXMA,09/01/2026 11:00 AM ET,"201 113TH ST E BRADENTON, FL- 34212","$8,150.89","$292,425.00","$8,150.89",564607000
2026-08-19T03:18:50,CLOSED,412025CA000375CAAXMA,08/18/2026 11:00 AM ET,"5626 28TH ST W BRADENTON, FL- 34207","$317,211.21","$87,746.00",Hidden,6104100000
2026-08-20T03:18:47,CLOSED,412018CA003716CAAXMA,08/19/2026 11:00 AM ET,"10922 BULLRUSH TER LAKEWOOD RANCH, FL- 34202","$447,032.13","$547,030.00",Hidden,584177209
2026-08-20T03:18:47,CLOSED,412018CA005016CAAXMA,08/19/2026 11:00 AM ET,"8452 LINDRICK LN BRADENTON, FL- 34202","$5,138,711.62","$1,748,826.00","$2,350,000.00",331942909
2026-08-20T03:18:47,CLOSED,412025CA000437CAAXMA,08/19/2026 11:00 AM ET,"4754 MAINSAIL DR BRADENTON, FL- 34208","$1,519,358.22","$691,079.00","$1,519,358.22",1076001719
2026-08-20T03:18:47,CLOSED,412025CA001774CAAXMA,08/19/2026 11:00 AM ET,"501 GENERAL HARRIS STRET LONGBOAT KEY, FL- 34228","$1,554,303.29","$247,768.00","$187,781.38",Property
2026-08-20T03:18:47,CLOSED,412025CA002688CAAXMA,08/19/2026 11:00 AM ET,"5438 TRIPOLI DR PALMETTO, FL- 34221","$390,366.75","$266,973.00",Hidden,718031109
2026-08-20T03:18:47,CLOSED,412025CA002772CAAXMA,08/26/2026 11:00 AM ET,"4016 KINGSFIELD DR PARRISH, FL- 34219","$512,377.26","$377,425.00","$512,377.26",503604357
